24, 418, 1, 0, 0, 1, 0, 0, 0, 0, 0, 0, 2, 918000000
10, 126, 3, 1, 0, 0, 1, 0, 1, 0, 0, 1, 6, 2810000
4, 100, 3, 0, 0, 0, 0, 0, 0, 0, 1, 0, 4, 260000000
4, 100, 3, 0, 0, 0, 0, 0, 0, 0, 1, 0, 4, 260000000
2, 51, 3, 0, 0, 0, 0, 0, 1, 0, 0, 2, 6, 1340000
0, 0, 4, 0, 1, 1, 0, 0, 0, 1, 0, 1, 9, 88500000
0, 0, 5, 0, 0, 1, 1, 0, 1, 0, 0, 2, 12, 58100000
4, 100, 3, 0, 0, 0, 0, 0, 0, 0, 1, 0, 4, 260000000
0, 6, 3, 0, 0, 1, 0, 0, 1, 0, 0, 0, 7, 45500000
10, 163, 3, 1, 0, 1, 0, 0, 0, 0, 0, 1, 5, 58900000
10, 163, 3, 1, 0, 1, 0, 0, 0, 0, 0, 1, 5, 58900000
2, 13, 5, 1, 0, 1, 1, 0, 0, 1, 0, 1, 10, 27300000
4, 29, 4, 1, 0, 1, 0, 0, 1, 0, 0, 1, 8, 21400000
18, 228, 2, 1, 0, 1, 0, 0, 1, 0, 0, 1, 5, 50700000
14, 152, 2, 1, 0, 1, 0, 0, 2, 0, 0, 1, 6, 43700000
9, 105, 3, 1, 0, 1, 0, 0, 2, 1, 0, 1, 8, 1680000
14, 152, 2, 1, 0, 1, 0, 0, 2, 0, 0, 1, 6, 43700000
14, 152, 2, 1, 0, 1, 0, 0, 2, 0, 0, 1, 6, 43700000
14, 152, 2, 1, 0, 1, 0, 0, 2, 0, 0, 1, 6, 43700000
8, 36, 3, 2, 0, 0, 1, 0, 3, 0, 0, 2, 8, 13000000
2, 7, 5, 2, 0, 0, 1, 0, 2, 1, 0, 3, 11, 1200000
26, 413, 3, 0, 1, 0, 0, 0, 0, 0, 0, 0, 4, 130000000
2, 12, 4, 2, 0, 0, 1, 0, 2, 0, 0, 2, 9, 824000
2, 12, 4, 2, 0, 0, 1, 0, 2, 0, 0, 2, 9, 824000
2, 12, 4, 2, 0, 0, 1, 0, 2, 0, 0, 2, 9, 824000
1, 23, 3, 1, 0, 0, 0, 0, 0, 0, 1, 1, 6, 381000000
1, 15, 5, 0, 0, 0, 2, 0, 0, 1, 0, 0, 10, 34000000
1, 4, 6, 1, 0, 0, 2, 0, 2, 0, 0, 3, 13, 9450000
1, 4, 6, 1, 0, 0, 2, 0, 2, 0, 0, 3, 13, 9450000
1, 4, 6, 1, 0, 0, 2, 0, 2, 0, 0, 3, 13, 9450000
1, 4, 6, 1, 0, 0, 2, 0, 2, 0, 0, 3, 13, 9450000
1, 4, 6, 1, 0, 0, 2, 0, 2, 0, 0, 3, 13, 9450000
22, 405, 2, 0, 0, 1, 1, 0, 0, 0, 0, 0, 4, 284000000
17, 213, 3, 0, 0, 1, 2, 0, 1, 1, 0, 0, 7, 33500000
17, 213, 3, 0, 0, 1, 2, 0, 1, 1, 0, 0, 7, 33500000
12, 194, 2, 0, 0, 1, 1, 0, 1, 0, 0, 0, 5, 269000000
9, 89, 4, 0, 0, 0, 1, 0, 0, 0, 0, 1, 8, 6250000
6, 20, 4, 1, 1, 0, 0, 0, 0, 0, 0, 1, 8, 3820000
6, 20, 4, 1, 1, 0, 0, 0, 0, 0, 0, 1, 8, 3820000
6, 20, 4, 1, 1, 0, 0, 0, 0, 0, 0, 1, 8, 3820000
4, 100, 3, 0, 0, 0, 0, 0, 0, 0, 1, 0, 4, 260000000
4, 100, 3, 0, 0, 0, 0, 0, 0, 0, 1, 0, 4, 260000000
19, 304, 2, 0, 0, 0, 1, 0, 1, 0, 0, 0, 3, 191000000
13, 192, 3, 0, 0, 1, 0, 0, 0, 0, 0, 0, 5, 14200000
11, 48, 4, 0, 0, 0, 0, 0, 0, 2, 1, 0, 8, 6230000
11, 48, 4, 0, 0, 0, 0, 0, 0, 2, 1, 0, 8, 6230000
1, 4, 6, 1, 0, 0, 2, 0, 2, 0, 0, 3, 13, 9450000
1, 4, 6, 1, 0, 0, 2, 0, 2, 0, 0, 3, 13, 9450000
1, 4, 6, 1, 0, 0, 2, 0, 2, 0, 0, 3, 13, 9450000
1, 4, 6, 1, 0, 0, 2, 0, 2, 0, 0, 3, 13, 9450000
1, 4, 6, 1, 0, 0, 2, 0, 2, 0, 0, 3, 13, 9450000
1, 4, 6, 1, 0, 0, 2, 0, 2, 0, 0, 3, 13, 9450000
1, 4, 6, 1, 0, 0, 2, 0, 2, 0, 0, 3, 13, 9450000
1, 4, 6, 1, 0, 0, 2, 0, 2, 0, 0, 3, 13, 9450000
1, 12, 5, 1, 0, 0, 1, 0, 1, 0, 0, 2, 11, 97100000
1, 12, 5, 1, 0, 0, 1, 0, 1, 0, 0, 2, 11, 97100000
1, 4, 6, 1, 0, 0, 2, 0, 2, 0, 0, 3, 13, 9450000
1, 4, 6, 1, 0, 0, 2, 0, 2, 0, 0, 3, 13, 9450000
2, 12, 4, 2, 0, 0, 1, 0, 2, 0, 0, 2, 9, 824000
2, 12, 4, 2, 0, 0, 1, 0, 2, 0, 0, 2, 9, 824000
6, 20, 4, 1, 1, 0, 0, 0, 0, 0, 0, 1, 8, 3820000
5, 50, 3, 0, 0, 0, 0, 0, 0, 2, 0, 1, 7, 6660000
5, 50, 3, 0, 0, 0, 0, 0, 0, 2, 0, 1, 7, 6660000
5, 50, 3, 0, 0, 0, 0, 0, 0, 2, 0, 1, 7, 6660000
5, 50, 3, 0, 0, 0, 0, 0, 0, 2, 0, 1, 7, 6660000
5, 50, 3, 0, 0, 0, 0, 0, 0, 2, 0, 1, 7, 6660000
2, 12, 4, 2, 0, 0, 1, 0, 2, 0, 0, 2, 9, 824000
18, 403, 2, 0, 1, 1, 0, 0, 0, 0, 0, 0, 4, 33700000
5, 21, 5, 0, 1, 0, 1, 0, 2, 0, 0, 1, 10, 5180000
5, 21, 5, 0, 1, 0, 1, 0, 2, 0, 0, 1, 10, 5180000
5, 21, 5, 0, 1, 0, 1, 0, 2, 0, 0, 1, 10, 5180000
5, 21, 5, 0, 1, 0, 1, 0, 2, 0, 0, 1, 10, 5180000
5, 21, 5, 0, 1, 0, 1, 0, 2, 0, 0, 1, 10, 5180000
5, 21, 5, 0, 1, 0, 1, 0, 2, 0, 0, 1, 10, 5180000
5, 21, 5, 0, 1, 0, 1, 0, 2, 0, 0, 1, 10, 5180000
9, 67, 4, 0, 2, 0, 0, 0, 1, 0, 0, 0, 7, 6250000
27, 516, 2, 0, 0, 0, 0, 0, 0, 1, 0, 0, 3, 253000000
11, 265, 1, 0, 0, 1, 0, 1, 0, 0, 0, 0, 3, 425000000
2, 2, 6, 0, 0, 0, 0, 0, 2, 0, 0, 0, 10, 25000000
3, 13, 6, 0, 0, 0, 0, 1, 0, 3, 0, 0, 12, 22700000
4, 100, 3, 0, 0, 0, 0, 0, 0, 0, 1, 0, 4, 260000000
4, 100, 3, 0, 0, 0, 0, 0, 0, 0, 1, 0, 4, 260000000
27, 516, 2, 0, 0, 0, 0, 0, 0, 1, 0, 0, 3, 253000000
26, 413, 3, 0, 1, 0, 0, 0, 0, 0, 0, 0, 4, 130000000
0, 11, 3, 0, 2, 0, 0, 0, 1, 0, 0, 0, 7, 11800000
1, 5, 4, 0, 0, 0, 0, 0, 3, 0, 0, 2, 9, 34500000
1, 5, 4, 0, 0, 0, 0, 0, 3, 0, 0, 2, 9, 34500000
1, 5, 4, 0, 0, 0, 0, 0, 3, 0, 0, 2, 9, 34500000
0, 0, 3, 0, 0, 0, 0, 1, 2, 0, 0, 0, 8, 479000000
0, 0, 3, 0, 0, 0, 0, 1, 2, 0, 0, 0, 8, 479000000
4, 33, 3, 0, 0, 0, 0, 0, 2, 0, 1, 1, 7, 25900000
1, 1, 7, 1, 0, 0, 2, 0, 1, 1, 0, 1, 14, 1460000
7, 61, 5, 1, 0, 0, 0, 0, 1, 0, 0, 1, 8, 767000
1, 2, 6, 0, 1, 0, 0, 0, 1, 2, 0, 0, 10, 2660000
37, 638, 2, 0, 0, 0, 0, 1, 0, 0, 0, 0, 3, 24500000
37, 638, 2, 0, 0, 0, 0, 1, 0, 0, 0, 0, 3, 24500000
28, 448, 2, 0, 0, 1, 0, 1, 0, 0, 0, 0, 4, 58000000
28, 448, 2, 0, 0, 1, 0, 1, 0, 0, 0, 0, 4, 58000000
28, 448, 2, 0, 0, 1, 0, 1, 0, 0, 0, 0, 4, 58000000
11, 246, 2, 0, 0, 0, 0, 1, 1, 0, 0, 0, 4, 59300000
11, 246, 2, 0, 0, 0, 0, 1, 1, 0, 0, 0, 4, 59300000
27, 516, 2, 0, 0, 0, 0, 0, 0, 1, 0, 0, 3, 253000000
27, 516, 2, 0, 0, 0, 0, 0, 0, 1, 0, 0, 3, 253000000
7, 51, 4, 0, 0, 0, 0, 1, 1, 1, 0, 1, 8, 3330000
7, 51, 4, 0, 0, 0, 0, 1, 1, 1, 0, 1, 8, 3330000
3, 13, 6, 0, 0, 0, 0, 1, 0, 3, 0, 0, 12, 22700000
3, 13, 6, 0, 0, 0, 0, 1, 0, 3, 0, 0, 12, 22700000
0, 0, 4, 0, 0, 0, 0, 0, 3, 1, 0, 0, 10, 331000000
1, 5, 4, 0, 0, 0, 0, 0, 3, 0, 0, 2, 9, 34500000
1, 5, 4, 0, 0, 0, 0, 0, 3, 0, 0, 2, 9, 34500000
7, 61, 5, 1, 0, 0, 0, 0, 1, 0, 0, 1, 8, 767000
15, 374, 1, 0, 0, 1, 0, 0, 0, 1, 0, 0, 3, 293000000
4, 33, 3, 0, 0, 0, 0, 0, 2, 0, 1, 1, 7, 25900000
7, 84, 4, 0, 0, 0, 1, 0, 2, 2, 0, 0, 8, 70200000
6, 31, 4, 0, 1, 0, 0, 0, 0, 1, 0, 0, 7, 35200000
2, 3, 5, 0, 0, 0, 1, 0, 2, 3, 0, 0, 12, 57900
2, 3, 5, 0, 0, 0, 1, 0, 2, 3, 0, 0, 12, 57900
6, 127, 2, 0, 0, 0, 0, 0, 0, 1, 0, 0, 4, 2340000
7, 24, 4, 1, 0, 0, 0, 0, 0, 2, 0, 1, 8, 176000000
7, 24, 4, 1, 0, 0, 0, 0, 0, 2, 0, 1, 8, 176000000
27, 516, 2, 0, 0, 0, 0, 0, 0, 1, 0, 0, 3, 253000000
27, 516, 2, 0, 0, 0, 0, 0, 0, 1, 0, 0, 3, 253000000
21, 463, 2, 0, 0, 0, 1, 0, 1, 1, 0, 0, 4, 284000000
21, 463, 2, 0, 0, 0, 1, 0, 1, 1, 0, 0, 4, 284000000
21, 463, 2, 0, 0, 0, 1, 0, 1, 1, 0, 0, 4, 284000000
7, 71, 4, 0, 1, 1, 1, 0, 2, 0, 0, 0, 8, 1600000
22, 413, 3, 0, 0, 1, 0, 0, 1, 0, 0, 0, 5, 207000000
9, 36, 4, 1, 0, 1, 0, 0, 2, 0, 0, 0, 10, 11500000
9, 36, 4, 1, 0, 1, 0, 0, 2, 0, 0, 0, 10, 11500000
0, 0, 6, 1, 0, 0, 0, 0, 0, 2, 1, 1, 12, 502000000
8, 172, 2, 0, 0, 1, 0, 0, 1, 1, 0, 0, 5, 11100000
6, 33, 4, 1, 0, 0, 1, 0, 4, 0, 0, 1, 10, 1310000
6, 33, 4, 1, 0, 0, 1, 0, 4, 0, 0, 1, 10, 1310000
1, 27, 4, 1, 0, 0, 1, 0, 2, 0, 0, 1, 8, 5520
1, 27, 4, 1, 0, 0, 1, 0, 2, 0, 0, 1, 8, 5520
1, 27, 4, 1, 0, 0, 1, 0, 2, 0, 0, 1, 8, 5520
1, 27, 4, 1, 0, 0, 1, 0, 2, 0, 0, 1, 8, 5520
14, 129, 3, 1, 0, 0, 1, 0, 3, 0, 0, 1, 7, 6330000
3, 4, 6, 0, 0, 0, 0, 0, 2, 0, 1, 0, 12, 35700000
3, 4, 6, 0, 0, 0, 0, 0, 2, 0, 1, 0, 12, 35700000
3, 4, 6, 0, 0, 0, 0, 0, 2, 0, 1, 0, 12, 35700000
3, 4, 6, 0, 0, 0, 0, 0, 2, 0, 1, 0, 12, 35700000
3, 4, 6, 0, 0, 0, 0, 0, 2, 0, 1, 0, 12, 35700000
3, 4, 6, 0, 0, 0, 0, 0, 2, 0, 1, 0, 12, 35700000
22, 405, 2, 0, 0, 1, 1, 0, 0, 0, 0, 0, 4, 284000000
22, 405, 2, 0, 0, 1, 1, 0, 0, 0, 0, 0, 4, 284000000
9, 217, 2, 0, 0, 1, 0, 0, 1, 0, 0, 0, 4, 26000000
6, 33, 4, 1, 0, 0, 1, 0, 4, 0, 0, 1, 10, 1310000
10, 78, 3, 0, 0, 0, 1, 0, 4, 0, 0, 0, 8, 1960000
6, 65, 4, 0, 0, 0, 1, 0, 4, 1, 0, 0, 10, 1950000
2, 3, 5, 0, 1, 0, 0, 0, 2, 0, 0, 0, 9, 873000
3, 4, 6, 0, 0, 0, 0, 0, 2, 0, 1, 0, 12, 35700000
3, 4, 6, 0, 0, 0, 0, 0, 2, 0, 1, 0, 12, 35700000
6, 39, 5, 0, 0, 0, 2, 0, 2, 1, 0, 1, 9, 1850000
6, 17, 5, 0, 0, 0, 1, 0, 2, 0, 0, 1, 9, 1880000
6, 269, 2, 0, 0, 0, 1, 0, 1, 1, 0, 0, 5, 64800000
6, 20, 4, 1, 1, 0, 0, 0, 0, 0, 0, 1, 8, 3820000
7, 85, 4, 0, 0, 0, 0, 0, 0, 1, 1, 0, 6, 105000000
10, 204, 3, 0, 0, 0, 0, 0, 0, 1, 0, 0, 4, 319000
1, 5, 4, 1, 0, 0, 1, 0, 1, 0, 0, 1, 7, 6860000
1, 18, 3, 1, 0, 0, 2, 0, 1, 0, 0, 0, 7, 441000000
8, 159, 2, 1, 0, 1, 0, 0, 1, 0, 0, 1, 5, 163000000
8, 159, 2, 1, 0, 1, 0, 0, 1, 0, 0, 1, 5, 163000000
2, 27, 2, 1, 0, 1, 0, 0, 1, 0, 0, 1, 5, 3460000
2, 27, 2, 1, 0, 1, 0, 0, 1, 0, 0, 1, 5, 3460000
2, 13, 5, 1, 0, 1, 1, 0, 0, 1, 0, 1, 10, 27300000
2, 13, 5, 1, 0, 1, 1, 0, 0, 1, 0, 1, 10, 27300000
26, 413, 3, 0, 1, 0, 0, 0, 0, 0, 0, 0, 4, 130000000
11, 265, 1, 0, 0, 1, 0, 1, 0, 0, 0, 0, 3, 425000000
3, 13, 6, 0, 0, 0, 0, 1, 0, 3, 0, 0, 12, 22700000
3, 13, 6, 0, 0, 0, 0, 1, 0, 3, 0, 0, 12, 22700000
13, 232, 1, 0, 0, 1, 1, 0, 0, 0, 0, 0, 3, 79500000
22, 405, 2, 0, 0, 1, 1, 0, 0, 0, 0, 0, 4, 284000000
22, 405, 2, 0, 0, 1, 1, 0, 0, 0, 0, 0, 4, 284000000
12, 194, 2, 0, 0, 1, 1, 0, 1, 0, 0, 0, 5, 269000000
12, 194, 2, 0, 0, 1, 1, 0, 1, 0, 0, 0, 5, 269000000
6, 92, 3, 0, 0, 0, 1, 0, 1, 0, 0, 0, 6, 2880000
12, 121, 2, 0, 0, 0, 1, 0, 1, 0, 0, 0, 4, 136000000
1, 33, 3, 0, 0, 0, 2, 0, 2, 0, 0, 0, 8, 11700000
24, 426, 2, 0, 1, 0, 0, 0, 1, 0, 0, 0, 5, 76700000
21, 400, 2, 1, 0, 0, 1, 0, 1, 1, 0, 0, 5, 97100000
3, 34, 4, 2, 0, 0, 0, 0, 2, 0, 0, 1, 8, 97900000
18, 366, 3, 1, 0, 0, 1, 0, 2, 0, 0, 0, 6, 69500000
9, 63, 3, 1, 0, 0, 1, 0, 1, 1, 0, 1, 8, 64100000
2, 28, 3, 3, 0, 0, 0, 0, 0, 0, 0, 3, 6, 3230000
29, 390, 1, 1, 0, 0, 0, 0, 0, 0, 0, 0, 2, 1600000000
10, 134, 2, 2, 0, 0, 0, 0, 1, 0, 0, 2, 5, 33000000
9, 112, 2, 1, 0, 0, 0, 0, 1, 0, 0, 2, 5, 7260000
9, 112, 2, 1, 0, 0, 0, 0, 1, 0, 0, 2, 5, 7260000
4, 31, 7, 1, 0, 0, 1, 0, 1, 1, 0, 1, 12, 3480000
4, 10, 6, 1, 0, 0, 2, 0, 1, 1, 0, 1, 11, 1520000
4, 31, 7, 1, 0, 0, 1, 0, 1, 1, 0, 1, 12, 3480000
4, 31, 7, 1, 0, 0, 1, 0, 1, 1, 0, 1, 12, 3480000
7, 115, 3, 1, 0, 0, 0, 0, 0, 2, 0, 0, 7, 31500000
3, 14, 4, 1, 0, 0, 0, 0, 2, 0, 0, 2, 9, 19700000
3, 4, 4, 1, 1, 0, 0, 0, 1, 2, 0, 1, 9, 1160000
3, 4, 4, 1, 1, 0, 0, 0, 1, 2, 0, 1, 9, 1160000
3, 4, 4, 1, 1, 0, 0, 0, 1, 2, 0, 1, 9, 1160000
3, 5, 4, 1, 1, 0, 1, 0, 2, 2, 0, 1, 10, 990000
4, 61, 2, 1, 0, 0, 1, 0, 2, 0, 0, 0, 6, 17900000
7, 115, 3, 1, 1, 0, 0, 0, 0, 0, 0, 0, 5, 42500000
7, 115, 3, 1, 1, 0, 0, 0, 0, 0, 0, 0, 5, 42500000
3, 5, 5, 2, 0, 0, 0, 0, 0, 2, 0, 2, 10, 39200000
12, 264, 2, 1, 0, 0, 0, 0, 0, 1, 0, 1, 4, 432000000
15, 389, 2, 1, 0, 0, 0, 0, 0, 0, 0, 0, 3, 21800000
9, 98, 2, 1, 0, 0, 0, 0, 1, 1, 1, 1, 6, 127000000
4, 12, 5, 1, 0, 0, 1, 0, 1, 2, 1, 1, 11, 565000
4, 12, 5, 1, 0, 0, 1, 0, 1, 2, 1, 1, 11, 565000
11, 193, 2, 1, 0, 0, 0, 0, 1, 0, 1, 0, 5, 59100000
9, 205, 1, 1, 0, 0, 0, 1, 0, 0, 0, 0, 3, 62700000
9, 205, 1, 1, 0, 0, 0, 1, 0, 0, 0, 0, 3, 62700000
0, 21, 2, 1, 0, 0, 0, 1, 0, 0, 0, 0, 5, 212000000
0, 21, 2, 1, 0, 0, 0, 1, 0, 0, 0, 0, 5, 212000000
0, 21, 2, 1, 0, 0, 0, 1, 0, 0, 0, 0, 5, 212000000
19, 333, 2, 1, 0, 0, 0, 0, 2, 0, 0, 0, 5, 11200000
9, 159, 2, 0, 0, 0, 0, 0, 0, 1, 0, 2, 5, 222000000
0, 1, 2, 1, 0, 0, 2, 0, 3, 0, 0, 0, 7, 272000000
9, 205, 1, 1, 0, 0, 0, 1, 0, 0, 0, 0, 3, 62700000
5, 63, 2, 1, 0, 0, 0, 0, 0, 0, 0, 1, 4, 419000
21, 264, 2, 1, 0, 0, 0, 0, 2, 0, 0, 1, 5, 11500000
13, 185, 2, 1, 0, 0, 1, 0, 1, 0, 1, 1, 5, 44900000
1, 23, 3, 0, 1, 0, 0, 0, 2, 1, 1, 0, 8, 2310000
1, 23, 3, 0, 1, 0, 0, 0, 2, 1, 1, 0, 8, 2310000
1, 23, 3, 0, 1, 0, 0, 0, 2, 1, 1, 0, 8, 2310000
19, 349, 2, 0, 0, 0, 0, 1, 0, 0, 1, 0, 4, 9410000
2, 8, 5, 1, 0, 0, 2, 0, 2, 1, 1, 1, 11, 1210000
17, 257, 3, 0, 0, 0, 1, 0, 2, 0, 0, 1, 6, 52800000
17, 257, 3, 0, 0, 0, 1, 0, 2, 0, 0, 1, 6, 52800000
17, 257, 3, 0, 0, 0, 1, 0, 2, 0, 0, 1, 6, 52800000
1, 23, 3, 0, 1, 0, 0, 0, 2, 1, 1, 0, 8, 2310000
6, 55, 5, 0, 0, 0, 1, 0, 2, 1, 1, 0, 9, 2690000
6, 55, 5, 0, 0, 0, 1, 0, 2, 1, 1, 0, 9, 2690000
4, 29, 2, 0, 1, 0, 0, 0, 0, 2, 1, 0, 7, 159000000
7, 71, 3, 0, 0, 0, 1, 0, 0, 2, 1, 0, 7, 34400000
12, 149, 5, 0, 0, 0, 1, 0, 2, 2, 1, 0, 11, 54600
12, 149, 5, 0, 0, 0, 1, 0, 2, 2, 1, 0, 11, 54600
5, 12, 3, 0, 0, 0, 0, 0, 1, 2, 1, 0, 9, 8300000
5, 12, 3, 0, 0, 0, 0, 0, 1, 2, 1, 0, 9, 8300000
4, 36, 3, 0, 0, 0, 0, 0, 0, 1, 1, 2, 8, 69400000
14, 197, 2, 0, 0, 0, 0, 0, 2, 0, 1, 0, 6, 32500000
2, 5, 3, 0, 0, 0, 0, 0, 2, 0, 1, 0, 8, 32600000
7, 71, 3, 0, 0, 0, 1, 0, 0, 2, 1, 0, 7, 34400000
7, 71, 3, 0, 0, 0, 1, 0, 0, 2, 1, 0, 7, 34400000
13, 192, 2, 0, 0, 0, 0, 0, 1, 1, 1, 0, 6, 7620000
3, 10, 3, 1, 1, 0, 2, 0, 2, 1, 0, 1, 9, 1640000
3, 10, 3, 1, 1, 0, 2, 0, 2, 1, 0, 1, 9, 1640000
3, 10, 3, 1, 1, 0, 2, 0, 2, 1, 0, 1, 9, 1640000
3, 25, 2, 0, 0, 0, 1, 0, 2, 0, 0, 0, 6, 11900000
5, 60, 3, 0, 0, 0, 1, 0, 1, 1, 1, 0, 7, 7940000
5, 60, 3, 0, 0, 0, 1, 0, 1, 1, 1, 0, 7, 7940000
3, 4, 5, 0, 0, 0, 1, 0, 2, 0, 2, 0, 12, 944000
8, 72, 4, 1, 0, 0, 0, 0, 3, 0, 1, 1, 9, 22400000
8, 72, 4, 1, 0, 0, 0, 0, 3, 0, 1, 1, 9, 22400000
1, 23, 3, 0, 1, 0, 0, 0, 2, 1, 1, 0, 8, 2310000
1, 23, 3, 0, 1, 0, 0, 0, 2, 1, 1, 0, 8, 2310000
3, 325, 2, 0, 0, 0, 0, 0, 0, 0, 1, 0, 3, 1780000000
3, 325, 2, 0, 0, 0, 0, 0, 0, 0, 1, 0, 3, 1780000000
10, 32, 5, 0, 0, 0, 1, 0, 2, 1, 0, 0, 9, 5980000
1, 5, 5, 1, 0, 0, 2, 0, 2, 2, 1, 0, 12, 12000000
1, 5, 5, 1, 0, 0, 2, 0, 2, 2, 1, 0, 12, 12000000
3, 46, 3, 0, 0, 0, 1, 0, 3, 0, 0, 0, 7, 11000000
3, 46, 3, 0, 0, 0, 1, 0, 3, 0, 0, 0, 7, 11000000
11, 114, 3, 0, 0, 0, 2, 0, 1, 0, 0, 0, 6, 2030000
4, 28, 4, 1, 0, 0, 3, 0, 3, 0, 0, 0, 9, 287000000
1, 4, 6, 1, 0, 0, 3, 0, 1, 1, 0, 0, 12, 3500000
1, 1, 6, 0, 1, 0, 2, 0, 3, 2, 0, 0, 13, 791000
1, 1, 6, 0, 1, 0, 2, 0, 3, 2, 0, 0, 13, 791000
2, 5, 4, 1, 0, 0, 1, 0, 3, 0, 0, 0, 10, 496000
1, 1, 6, 0, 1, 0, 2, 0, 3, 2, 0, 0, 13, 791000
1, 1, 6, 0, 1, 0, 2, 0, 3, 2, 0, 0, 13, 791000
3, 25, 3, 0, 0, 0, 0, 0, 0, 2, 1, 0, 6, 9420000
13, 203, 3, 1, 1, 0, 0, 0, 1, 0, 0, 1, 6, 1820000
13, 203, 3, 1, 1, 0, 0, 0, 1, 0, 0, 1, 6, 1820000
4, 15, 4, 0, 0, 0, 1, 0, 2, 1, 1, 0, 10, 1510000
1, 4, 6, 1, 0, 0, 3, 0, 1, 1, 0, 0, 12, 3500000
1, 4, 6, 1, 0, 0, 3, 0, 1, 1, 0, 0, 12, 3500000
11, 305, 2, 0, 0, 0, 1, 0, 2, 0, 0, 0, 5, 54700000
3, 15, 4, 0, 0, 0, 0, 0, 2, 0, 0, 0, 8, 191000
11, 274, 2, 0, 1, 0, 0, 0, 0, 1, 1, 0, 5, 2000000
12, 173, 2, 0, 1, 0, 0, 0, 1, 0, 1, 0, 5, 6750000
8, 168, 3, 0, 1, 0, 0, 0, 0, 0, 1, 0, 5, 1910000
7, 117, 3, 0, 1, 0, 0, 0, 0, 0, 1, 0, 5, 1120000
11, 261, 2, 0, 0, 0, 0, 0, 1, 1, 1, 0, 5, 70000000
0, 2, 2, 0, 0, 0, 0, 0, 0, 2, 1, 0, 6, 1480000000
0, 2, 2, 0, 0, 0, 0, 0, 0, 2, 1, 0, 6, 1480000000
0, 2, 2, 0, 0, 0, 0, 0, 0, 2, 1, 0, 6, 1480000000
3, 18, 4, 0, 0, 0, 1, 0, 2, 2, 1, 0, 10, 20400000
2, 11, 5, 0, 0, 0, 1, 0, 1, 2, 1, 0, 11, 20300000
0, 1, 6, 0, 0, 0, 2, 0, 2, 2, 1, 0, 13, 251000
0, 1, 6, 0, 0, 0, 2, 0, 2, 2, 1, 0, 13, 251000
0, 1, 6, 0, 0, 0, 2, 0, 2, 2, 1, 0, 13, 251000
0, 1, 6, 0, 0, 0, 2, 0, 2, 2, 1, 0, 13, 251000
0, 1, 6, 0, 0, 0, 2, 0, 2, 2, 1, 0, 13, 251000
0, 1, 6, 0, 0, 0, 2, 0, 2, 2, 1, 0, 13, 251000
0, 1, 6, 0, 0, 0, 2, 0, 2, 2, 1, 0, 13, 251000
0, 1, 6, 0, 0, 0, 2, 0, 2, 2, 1, 0, 13, 251000
0, 1, 6, 0, 0, 0, 2, 0, 2, 2, 1, 0, 13, 251000
0, 1, 6, 0, 0, 0, 2, 0, 2, 2, 1, 0, 13, 251000
0, 1, 6, 0, 0, 0, 2, 0, 2, 2, 1, 0, 13, 251000
6, 55, 2, 0, 0, 0, 0, 0, 1, 1, 1, 0, 6, 33400000
2, 10, 3, 1, 0, 0, 0, 0, 1, 1, 1, 1, 8, 1350000
1, 3, 6, 0, 0, 0, 1, 0, 0, 3, 2, 0, 12, 65700000
3, 19, 4, 0, 0, 0, 1, 0, 0, 2, 1, 0, 8, 28000000
3, 19, 4, 0, 0, 0, 1, 0, 0, 2, 1, 0, 8, 28000000
6, 42, 4, 0, 0, 0, 1, 0, 2, 1, 1, 0, 10, 9840000
3, 19, 4, 0, 0, 0, 1, 0, 0, 2, 1, 0, 8, 28000000
2, 13, 4, 0, 0, 0, 1, 0, 0, 2, 1, 0, 9, 39600000
6, 45, 4, 0, 1, 0, 1, 0, 2, 1, 1, 1, 10, 3650000
8, 35, 3, 0, 1, 0, 0, 0, 0, 2, 1, 0, 8, 79100000
0, 5, 4, 1, 0, 0, 0, 0, 1, 2, 1, 1, 9, 9270000
0, 5, 4, 1, 0, 0, 0, 0, 1, 2, 1, 1, 9, 9270000
0, 5, 4, 1, 0, 0, 0, 0, 1, 2, 1, 1, 9, 9270000
0, 5, 4, 1, 0, 0, 0, 0, 1, 2, 1, 1, 9, 9270000
2, 11, 4, 1, 0, 0, 2, 0, 3, 2, 1, 0, 12, 1050000
4, 27, 4, 0, 1, 0, 1, 0, 1, 1, 1, 0, 8, 22200000
7, 49, 3, 0, 0, 0, 2, 0, 2, 1, 1, 0, 8, 44700000
23, 350, 2, 0, 0, 0, 0, 0, 1, 1, 1, 0, 6, 16300000
5, 40, 3, 0, 1, 0, 0, 0, 0, 2, 1, 0, 7, 24200000
5, 40, 3, 0, 1, 0, 0, 0, 0, 2, 1, 0, 7, 24200000
5, 40, 3, 0, 1, 0, 0, 0, 0, 2, 1, 0, 7, 24200000
5, 40, 3, 0, 1, 0, 0, 0, 0, 2, 1, 0, 7, 24200000
11, 73, 3, 0, 0, 0, 0, 0, 0, 2, 1, 0, 8, 11700000
1, 2, 4, 0, 1, 0, 0, 0, 4, 1, 1, 0, 12, 768000
1, 2, 4, 0, 1, 0, 0, 0, 4, 1, 1, 0, 12, 768000
6, 17, 4, 1, 0, 0, 2, 0, 3, 2, 1, 0, 12, 791000
6, 17, 4, 1, 0, 0, 2, 0, 3, 2, 1, 0, 12, 791000
6, 17, 4, 1, 0, 0, 2, 0, 3, 2, 1, 0, 12, 791000
6, 17, 4, 1, 0, 0, 2, 0, 3, 2, 1, 0, 12, 791000
6, 17, 4, 1, 0, 0, 2, 0, 3, 2, 1, 0, 12, 791000
6, 17, 4, 1, 0, 0, 2, 0, 3, 2, 1, 0, 12, 791000
6, 17, 4, 1, 0, 0, 2, 0, 3, 2, 1, 0, 12, 791000
1, 5, 5, 1, 0, 0, 2, 0, 2, 2, 1, 0, 12, 12000000
1, 5, 5, 1, 0, 0, 2, 0, 2, 2, 1, 0, 12, 12000000
1, 5, 5, 1, 0, 0, 2, 0, 2, 2, 1, 0, 12, 12000000
1, 5, 5, 1, 0, 0, 2, 0, 2, 2, 1, 0, 12, 12000000
1, 5, 5, 1, 0, 0, 2, 0, 2, 2, 1, 0, 12, 12000000
0, 0, 6, 0, 0, 0, 2, 0, 1, 2, 1, 0, 14, 15500000
0, 0, 6, 0, 0, 0, 2, 0, 1, 2, 1, 0, 14, 15500000
9, 108, 3, 0, 0, 0, 0, 0, 1, 0, 1, 0, 6, 77700000
9, 108, 3, 0, 0, 0, 0, 0, 1, 0, 1, 0, 6, 77700000
16, 262, 3, 0, 0, 0, 0, 0, 1, 0, 0, 1, 6, 35100000
5, 34, 4, 0, 0, 0, 1, 0, 1, 1, 0, 0, 9, 9090000
30, 469, 2, 1, 0, 0, 0, 0, 0, 0, 1, 1, 4, 3120000
4, 17, 4, 0, 0, 0, 0, 0, 1, 1, 1, 1, 8, 6200000
9, 103, 4, 0, 0, 0, 1, 0, 1, 0, 1, 2, 8, 26600000
9, 103, 4, 0, 0, 0, 1, 0, 1, 0, 1, 2, 8, 26600000
9, 103, 4, 0, 0, 0, 1, 0, 1, 0, 1, 2, 8, 26600000
9, 103, 4, 0, 0, 0, 1, 0, 1, 0, 1, 2, 8, 26600000
9, 132, 3, 1, 0, 1, 1, 0, 1, 0, 0, 0, 6, 14000000
9, 132, 3, 1, 0, 1, 1, 0, 1, 0, 0, 0, 6, 14000000
15, 239, 3, 1, 0, 0, 0, 0, 0, 0, 1, 0, 5, 7210000
9, 108, 3, 0, 0, 0, 0, 0, 1, 0, 1, 0, 6, 77700000
19, 239, 2, 0, 1, 0, 1, 0, 1, 0, 0, 0, 5, 144000000
19, 239, 2, 0, 1, 0, 1, 0, 1, 0, 0, 0, 5, 144000000
19, 239, 2, 0, 1, 0, 1, 0, 1, 0, 0, 0, 5, 144000000
12, 147, 3, 0, 0, 0, 1, 0, 1, 0, 1, 0, 6, 37000000
19, 245, 2, 0, 2, 0, 0, 0, 1, 0, 0, 0, 5, 38200000
18, 248, 3, 0, 0, 0, 0, 0, 0, 1, 1, 1, 6, 278000000
9, 108, 3, 0, 0, 0, 0, 0, 1, 0, 1, 0, 6, 77700000
12, 147, 3, 0, 0, 0, 1, 0, 1, 0, 1, 0, 6, 37000000
19, 239, 2, 0, 1, 0, 1, 0, 1, 0, 0, 0, 5, 144000000
4, 15, 4, 0, 0, 0, 1, 0, 2, 1, 1, 0, 10, 1510000
2, 31, 3, 0, 0, 0, 1, 0, 2, 0, 0, 1, 7, 1120000
1, 11, 4, 0, 1, 0, 0, 0, 0, 0, 0, 1, 7, 924000000
0, 3, 3, 0, 0, 0, 0, 0, 1, 1, 1, 1, 9, 351000000
1, 30, 3, 0, 0, 0, 1, 0, 1, 0, 1, 1, 7, 569000000
10, 134, 2, 2, 0, 0, 0, 0, 1, 0, 0, 2, 5, 33000000
10, 134, 2, 2, 0, 0, 0, 0, 1, 0, 0, 2, 5, 33000000
5, 33, 4, 0, 0, 0, 0, 0, 0, 0, 1, 2, 7, 1460000
5, 33, 4, 0, 0, 0, 0, 0, 0, 0, 1, 2, 7, 1460000
12, 198, 2, 0, 1, 0, 0, 0, 1, 0, 0, 1, 5, 74300000
9, 162, 2, 0, 1, 0, 0, 0, 0, 1, 0, 1, 5, 7790000
0, 6, 3, 0, 1, 0, 0, 0, 0, 1, 0, 1, 8, 902000000
0, 6, 3, 0, 1, 0, 0, 0, 0, 1, 0, 1, 8, 902000000
0, 0, 7, 2, 0, 1, 0, 0, 1, 1, 0, 3, 14, 2580000
0, 0, 7, 2, 0, 1, 0, 0, 1, 1, 0, 3, 14, 2580000
3, 74, 2, 0, 0, 0, 1, 0, 1, 0, 0, 1, 5, 98100000
1, 71, 2, 0, 0, 0, 0, 0, 1, 0, 0, 1, 5, 5300000000
1, 71, 2, 0, 0, 0, 0, 0, 1, 0, 0, 1, 5, 5300000000
0, 0, 3, 0, 0, 0, 0, 1, 2, 0, 0, 1, 9, 249000000
0, 0, 3, 0, 0, 0, 0, 1, 2, 0, 0, 1, 9, 249000000
0, 5, 3, 0, 0, 0, 0, 0, 1, 1, 0, 1, 7, 396000000
0, 4, 3, 0, 0, 0, 1, 0, 3, 0, 0, 1, 9, 133000000
1, 19, 2, 0, 0, 0, 0, 0, 1, 1, 0, 1, 6, 2870000000
0, 4, 3, 0, 0, 0, 0, 0, 2, 0, 0, 1, 8, 84300000
22, 362, 2, 0, 0, 0, 1, 0, 1, 0, 1, 0, 5, 241000000
3, 4, 4, 1, 1, 0, 0, 0, 1, 2, 0, 1, 9, 1160000
3, 4, 4, 1, 1, 0, 0, 0, 1, 2, 0, 1, 9, 1160000
5, 86, 2, 0, 0, 0, 0, 0, 1, 1, 0, 1, 6, 189000000
8, 130, 2, 0, 0, 0, 1, 0, 1, 0, 0, 2, 5, 460000000
6, 21, 4, 0, 0, 0, 1, 0, 5, 0, 0, 1, 10, 97800000
6, 21, 4, 0, 0, 0, 1, 0, 5, 0, 0, 1, 10, 97800000
6, 21, 4, 0, 0, 0, 1, 0, 5, 0, 0, 1, 10, 97800000
6, 21, 4, 0, 0, 0, 1, 0, 5, 0, 0, 1, 10, 97800000
6, 21, 4, 0, 0, 0, 1, 0, 5, 0, 0, 1, 10, 97800000
6, 21, 4, 0, 0, 0, 1, 0, 5, 0, 0, 1, 10, 97800000
6, 21, 4, 0, 0, 0, 1, 0, 5, 0, 0, 1, 10, 97800000
6, 21, 4, 0, 0, 0, 1, 0, 5, 0, 0, 1, 10, 97800000
6, 21, 4, 0, 0, 0, 1, 0, 5, 0, 0, 1, 10, 97800000
6, 21, 4, 0, 0, 0, 1, 0, 5, 0, 0, 1, 10, 97800000
9, 85, 4, 0, 0, 0, 1, 0, 1, 1, 1, 2, 10, 899000
9, 85, 4, 0, 0, 0, 1, 0, 1, 1, 1, 2, 10, 899000
4, 10, 5, 0, 0, 0, 3, 0, 2, 2, 0, 1, 11, 86600
4, 10, 5, 0, 0, 0, 3, 0, 2, 2, 0, 1, 11, 86600
6, 43, 4, 0, 0, 1, 1, 0, 1, 1, 0, 2, 10, 709000
2, 2, 6, 1, 0, 0, 1, 0, 1, 1, 0, 3, 12, 1310000
6, 51, 3, 0, 0, 0, 1, 0, 2, 0, 0, 1, 7, 2150000
7, 47, 3, 0, 0, 0, 2, 0, 2, 0, 0, 1, 8, 1590000
2, 6, 6, 0, 1, 0, 0, 0, 2, 1, 0, 1, 12, 1190000
2, 6, 6, 0, 1, 0, 0, 0, 2, 1, 0, 1, 12, 1190000
2, 6, 6, 0, 1, 0, 0, 0, 2, 1, 0, 1, 12, 1190000
2, 6, 6, 0, 1, 0, 0, 0, 2, 1, 0, 1, 12, 1190000
10, 166, 2, 1, 0, 0, 0, 0, 0, 1, 0, 2, 5, 47700000
9, 112, 2, 1, 0, 0, 0, 0, 1, 0, 0, 2, 5, 7260000
8, 106, 3, 1, 0, 0, 0, 0, 0, 0, 0, 2, 5, 7750000
0, 0, 4, 1, 0, 0, 0, 0, 1, 0, 0, 2, 9, 262000000
0, 0, 4, 1, 0, 0, 0, 0, 1, 0, 0, 2, 9, 262000000
2, 18, 4, 1, 0, 0, 0, 0, 1, 0, 0, 4, 9, 9840000
2, 18, 4, 1, 0, 0, 0, 0, 1, 0, 0, 4, 9, 9840000
6, 27, 3, 1, 1, 0, 0, 0, 0, 0, 0, 2, 6, 21600000
0, 0, 4, 0, 0, 0, 1, 0, 0, 1, 1, 1, 10, 81300000
1, 4, 3, 0, 0, 0, 1, 0, 1, 0, 0, 1, 7, 52200000
1, 4, 3, 0, 0, 0, 1, 0, 1, 0, 0, 1, 7, 52200000
1, 4, 3, 0, 0, 0, 1, 0, 1, 0, 0, 1, 7, 52200000
3, 15, 3, 0, 0, 0, 3, 0, 3, 0, 0, 1, 9, 9740000
11, 231, 2, 0, 1, 0, 0, 0, 0, 0, 0, 1, 4, 15800000
4, 29, 3, 0, 1, 0, 0, 0, 1, 1, 0, 1, 7, 12600000
14, 267, 2, 0, 1, 0, 0, 0, 0, 0, 0, 1, 4, 74000000
6, 30, 4, 0, 1, 0, 1, 0, 3, 0, 0, 1, 9, 3700000
1, 9, 4, 0, 0, 0, 2, 0, 2, 1, 1, 1, 9, 19500000
1, 9, 4, 0, 0, 0, 2, 0, 2, 1, 1, 1, 9, 19500000
1, 9, 4, 0, 0, 0, 2, 0, 2, 1, 1, 1, 9, 19500000
4, 24, 3, 0, 0, 0, 2, 0, 2, 1, 0, 1, 9, 37900000
1, 11, 4, 0, 0, 0, 2, 0, 3, 1, 0, 1, 10, 1490000
6, 23, 6, 0, 0, 0, 2, 0, 3, 1, 0, 2, 13, 1290000
4, 24, 3, 0, 0, 0, 2, 0, 2, 1, 0, 1, 9, 37900000
4, 24, 3, 0, 0, 0, 2, 0, 2, 1, 0, 1, 9, 37900000
4, 24, 3, 0, 0, 0, 2, 0, 2, 1, 0, 1, 9, 37900000
4, 24, 3, 0, 0, 0, 2, 0, 2, 1, 0, 1, 9, 37900000
4, 24, 3, 0, 0, 0, 2, 0, 2, 1, 0, 1, 9, 37900000
0, 0, 6, 0, 0, 0, 1, 1, 2, 1, 1, 2, 16, 88300000
0, 0, 6, 0, 0, 0, 1, 1, 2, 1, 1, 2, 16, 88300000
0, 0, 6, 0, 0, 0, 1, 1, 2, 1, 1, 2, 16, 88300000
8, 80, 3, 0, 0, 0, 0, 0, 0, 0, 0, 2, 7, 3020000
6, 27, 3, 1, 1, 0, 0, 0, 0, 0, 0, 2, 6, 21600000
6, 27, 3, 1, 1, 0, 0, 0, 0, 0, 0, 2, 6, 21600000
6, 27, 3, 1, 1, 0, 0, 0, 0, 0, 0, 2, 6, 21600000
13, 154, 2, 0, 0, 1, 0, 0, 0, 0, 0, 1, 5, 49500000
13, 154, 2, 0, 0, 1, 0, 0, 0, 0, 0, 1, 5, 49500000
2, 3, 4, 1, 0, 0, 1, 0, 1, 1, 0, 2, 9, 141000000
9, 374, 2, 0, 0, 0, 1, 0, 0, 0, 0, 0, 3, 133000000
9, 374, 2, 0, 0, 0, 1, 0, 0, 0, 0, 0, 3, 133000000
4, 35, 3, 0, 1, 0, 0, 0, 0, 2, 0, 1, 7, 114000000
9, 51, 2, 0, 0, 0, 0, 0, 1, 0, 0, 1, 6, 303000000
9, 51, 2, 0, 0, 0, 0, 0, 1, 0, 0, 1, 6, 303000000
23, 375, 1, 0, 0, 0, 0, 0, 1, 0, 0, 0, 2, 2110000000
22, 434, 1, 0, 0, 0, 0, 0, 0, 1, 0, 0, 2, 4260000000
9, 56, 3, 1, 0, 0, 1, 0, 2, 0, 0, 1, 7, 82500000
9, 56, 3, 1, 0, 0, 1, 0, 2, 0, 0, 1, 7, 82500000
12, 73, 3, 0, 0, 0, 1, 0, 1, 1, 0, 0, 7, 7800000
12, 73, 3, 0, 0, 0, 1, 0, 1, 1, 0, 0, 7, 7800000
12, 73, 3, 0, 0, 0, 1, 0, 1, 1, 0, 0, 7, 7800000
12, 73, 3, 0, 0, 0, 1, 0, 1, 1, 0, 0, 7, 7800000
6, 111, 3, 0, 0, 0, 2, 0, 1, 1, 0, 0, 6, 18400000
13, 198, 2, 0, 0, 2, 0, 0, 0, 0, 0, 0, 5, 17400000
2, 6, 3, 0, 1, 0, 0, 0, 1, 1, 0, 0, 7, 76500000
2, 4, 5, 0, 1, 0, 3, 0, 2, 0, 0, 0, 10, 17700000
2, 4, 5, 0, 1, 0, 2, 0, 1, 0, 0, 0, 9, 31600000
2, 4, 5, 0, 1, 0, 2, 0, 1, 0, 0, 0, 9, 31600000
0, 0, 5, 0, 0, 0, 0, 0, 3, 1, 0, 0, 11, 90900000
0, 0, 5, 1, 0, 0, 1, 0, 3, 0, 0, 2, 12, 180000000
0, 0, 5, 1, 0, 0, 1, 0, 3, 0, 0, 2, 12, 180000000
0, 0, 3, 0, 0, 0, 1, 0, 3, 1, 0, 0, 8, 10500000
8, 76, 3, 1, 0, 0, 0, 0, 0, 1, 0, 0, 5, 22800000
8, 76, 3, 1, 0, 0, 0, 0, 0, 1, 0, 0, 5, 22800000
8, 76, 3, 1, 0, 0, 0, 0, 0, 1, 0, 0, 5, 22800000
5, 18, 4, 2, 0, 0, 0, 0, 1, 1, 0, 0, 8, 1680000
5, 18, 4, 2, 0, 0, 0, 0, 1, 1, 0, 0, 8, 1680000
5, 18, 4, 2, 0, 0, 0, 0, 1, 1, 0, 0, 8, 1680000
11, 312, 2, 0, 0, 1, 1, 0, 1, 1, 0, 0, 5, 73100000
11, 312, 2, 0, 0, 1, 1, 0, 1, 1, 0, 0, 5, 73100000
9, 85, 4, 0, 0, 0, 1, 0, 0, 1, 0, 1, 8, 4890000
6, 83, 3, 0, 0, 0, 0, 0, 0, 1, 0, 0, 6, 3720000
1, 4, 5, 1, 0, 0, 1, 0, 1, 2, 1, 1, 11, 2100000
7, 34, 4, 0, 0, 0, 0, 0, 1, 2, 1, 0, 9, 100000000
6, 34, 3, 0, 0, 0, 0, 0, 1, 1, 0, 1, 7, 362000
6, 34, 3, 0, 0, 0, 0, 0, 1, 1, 0, 1, 7, 362000
4, 27, 4, 0, 1, 0, 0, 0, 1, 1, 0, 0, 7, 45100000
13, 126, 3, 0, 0, 0, 1, 0, 1, 1, 0, 0, 6, 62600000
10, 62, 4, 0, 0, 0, 1, 0, 3, 2, 0, 0, 9, 1110000
10, 62, 4, 0, 0, 0, 1, 0, 3, 2, 0, 0, 9, 1110000
11, 87, 3, 0, 0, 0, 1, 0, 1, 2, 0, 0, 6, 2730000
11, 87, 3, 0, 0, 0, 1, 0, 1, 2, 0, 0, 6, 2730000
27, 331, 3, 0, 0, 0, 0, 0, 1, 1, 0, 0, 6, 9960000
4, 59, 3, 0, 0, 0, 2, 0, 1, 2, 0, 0, 8, 57800000
11, 164, 2, 0, 0, 0, 0, 0, 2, 1, 0, 0, 6, 197000000
14, 136, 4, 1, 0, 0, 0, 0, 0, 1, 0, 1, 7, 52700000
5, 18, 4, 2, 0, 0, 0, 0, 1, 1, 0, 0, 8, 1680000
3, 12, 6, 0, 0, 0, 1, 0, 2, 0, 1, 1, 11, 764000
9, 27, 5, 0, 0, 0, 1, 0, 2, 0, 1, 0, 9, 178000
8, 68, 3, 0, 0, 1, 0, 0, 1, 2, 0, 0, 7, 26400000
8, 68, 3, 0, 0, 1, 0, 0, 1, 2, 0, 0, 7, 26400000
31, 653, 2, 0, 0, 0, 0, 0, 1, 0, 0, 0, 3, 362000000
31, 653, 2, 0, 0, 0, 0, 0, 1, 0, 0, 0, 3, 362000000
31, 653, 2, 0, 0, 0, 0, 0, 1, 0, 0, 0, 3, 362000000
26, 413, 3, 0, 1, 0, 0, 0, 0, 0, 0, 0, 4, 130000000
26, 413, 3, 0, 1, 0, 0, 0, 0, 0, 0, 0, 4, 130000000
12, 85, 3, 0, 0, 1, 0, 0, 1, 2, 0, 0, 7, 17100000
8, 68, 3, 0, 0, 1, 0, 0, 1, 2, 0, 0, 7, 26400000
21, 397, 2, 0, 0, 0, 1, 0, 1, 0, 0, 0, 4, 741000000
15, 299, 3, 1, 0, 0, 1, 0, 1, 0, 0, 1, 6, 61600000
15, 299, 3, 1, 0, 0, 1, 0, 1, 0, 0, 1, 6, 61600000
5, 24, 4, 1, 0, 0, 2, 0, 3, 1, 0, 1, 10, 1140000
5, 24, 4, 1, 0, 0, 2, 0, 3, 1, 0, 1, 10, 1140000
1, 14, 5, 0, 0, 0, 3, 0, 0, 1, 0, 0, 10, 1290000
9, 56, 3, 1, 0, 0, 1, 0, 2, 0, 0, 1, 7, 82500000
7, 48, 3, 1, 0, 0, 1, 0, 2, 1, 0, 1, 8, 3080000
5, 30, 4, 1, 0, 0, 1, 0, 2, 0, 0, 1, 8, 15600000
6, 119, 3, 0, 0, 0, 1, 0, 1, 1, 0, 0, 6, 4480000000
4, 27, 5, 0, 0, 0, 3, 0, 3, 0, 0, 0, 10, 90700000
7, 48, 3, 0, 0, 0, 1, 0, 1, 0, 1, 0, 7, 30800000
22, 361, 2, 0, 0, 0, 2, 0, 2, 0, 0, 0, 4, 49900000
1, 2, 7, 0, 0, 0, 2, 0, 2, 2, 1, 1, 16, 892000
21, 397, 2, 0, 0, 0, 1, 0, 1, 0, 0, 0, 4, 741000000
15, 299, 3, 1, 0, 0, 1, 0, 1, 0, 0, 1, 6, 61600000
6, 161, 4, 1, 0, 0, 2, 0, 2, 0, 0, 1, 8, 1020000
13, 242, 3, 1, 0, 0, 1, 0, 1, 1, 0, 1, 7, 23400000
16, 295, 3, 1, 0, 0, 2, 0, 2, 0, 0, 1, 7, 4780000
3, 9, 4, 0, 1, 0, 1, 0, 2, 1, 0, 0, 10, 17500000
7, 93, 3, 1, 0, 0, 1, 0, 1, 0, 0, 0, 6, 26500000
6, 14, 5, 0, 0, 0, 2, 0, 2, 2, 0, 0, 10, 9690000
4, 59, 3, 0, 0, 0, 2, 0, 1, 2, 0, 0, 8, 57800000
6, 11, 6, 1, 0, 0, 1, 0, 1, 1, 0, 0, 10, 226000000
2, 6, 3, 0, 1, 0, 0, 0, 1, 1, 0, 0, 7, 76500000
3, 25, 3, 0, 0, 0, 2, 0, 0, 0, 0, 0, 7, 154000000
3, 25, 3, 0, 0, 0, 2, 0, 0, 0, 0, 0, 7, 154000000
3, 25, 3, 0, 0, 0, 2, 0, 0, 0, 0, 0, 7, 154000000
4, 20, 5, 0, 0, 0, 2, 0, 2, 2, 0, 0, 12, 5440000
3, 25, 3, 0, 0, 0, 2, 0, 0, 0, 0, 0, 7, 154000000
3, 25, 3, 0, 0, 0, 2, 0, 0, 0, 0, 0, 7, 154000000
3, 20, 3, 0, 0, 0, 1, 0, 3, 1, 0, 1, 9, 3530000
1, 20, 4, 0, 0, 0, 2, 0, 2, 1, 0, 0, 9, 19400000
9, 53, 3, 0, 0, 0, 1, 0, 1, 1, 0, 0, 7, 15900000
1, 14, 4, 0, 0, 0, 2, 0, 1, 2, 0, 0, 9, 15200000
2, 3, 5, 1, 1, 0, 1, 0, 1, 1, 0, 0, 12, 2370000
1, 14, 4, 0, 0, 0, 2, 0, 1, 2, 0, 0, 9, 15200000
1, 14, 4, 0, 0, 0, 2, 0, 1, 2, 0, 0, 9, 15200000
1, 14, 4, 0, 0, 0, 2, 0, 1, 2, 0, 0, 9, 15200000
3, 9, 4, 0, 1, 0, 1, 0, 2, 1, 0, 0, 10, 17500000
5, 66, 2, 0, 0, 0, 2, 0, 3, 0, 0, 0, 6, 8550000
6, 31, 3, 0, 0, 0, 1, 0, 2, 0, 0, 0, 8, 2520000
2, 6, 5, 0, 0, 0, 1, 0, 2, 2, 0, 0, 13, 5470000
6, 32, 3, 0, 0, 0, 1, 0, 2, 0, 0, 0, 8, 3040000
7, 134, 3, 0, 1, 0, 1, 0, 1, 0, 0, 0, 6, 3900000
7, 134, 3, 0, 1, 0, 1, 0, 1, 0, 0, 0, 6, 3900000
7, 134, 3, 0, 1, 0, 1, 0, 1, 0, 0, 0, 6, 3900000
8, 208, 3, 0, 0, 0, 0, 0, 0, 1, 0, 0, 5, 32600000
3, 22, 4, 0, 0, 0, 1, 0, 1, 0, 0, 2, 9, 23500000
3, 22, 4, 0, 0, 0, 1, 0, 1, 0, 0, 2, 9, 23500000
3, 22, 4, 0, 0, 0, 1, 0, 1, 0, 0, 2, 9, 23500000
3, 22, 4, 0, 0, 0, 1, 0, 1, 0, 0, 2, 9, 23500000
14, 246, 3, 0, 0, 0, 0, 0, 1, 0, 0, 0, 5, 27000000
3, 7, 4, 0, 0, 0, 0, 0, 2, 1, 0, 0, 10, 567000
3, 7, 4, 0, 0, 0, 0, 0, 2, 1, 0, 0, 10, 567000
3, 7, 4, 0, 0, 0, 0, 0, 2, 1, 0, 0, 10, 567000
3, 7, 4, 0, 0, 0, 0, 0, 2, 1, 0, 0, 10, 567000
3, 7, 4, 0, 0, 0, 0, 0, 2, 1, 0, 0, 10, 567000
3, 7, 4, 0, 0, 0, 0, 0, 2, 1, 0, 0, 10, 567000
3, 7, 4, 0, 0, 0, 0, 0, 2, 1, 0, 0, 10, 567000
3, 7, 4, 0, 0, 0, 0, 0, 2, 1, 0, 0, 10, 567000
3, 7, 4, 0, 0, 0, 0, 0, 2, 1, 0, 0, 10, 567000
3, 7, 4, 0, 0, 0, 0, 0, 2, 1, 0, 0, 10, 567000
3, 8, 5, 0, 0, 0, 2, 0, 2, 1, 1, 0, 11, 24700000
3, 8, 5, 0, 0, 0, 2, 0, 2, 1, 1, 0, 11, 24700000
3, 8, 5, 0, 0, 0, 2, 0, 2, 1, 1, 0, 11, 24700000
3, 8, 5, 0, 0, 0, 2, 0, 2, 1, 1, 0, 11, 24700000
4, 21, 3, 0, 0, 0, 1, 0, 1, 1, 0, 0, 8, 1220000
5, 73, 3, 0, 0, 0, 1, 0, 1, 1, 0, 0, 6, 7340000
0, 0, 9, 0, 1, 0, 3, 0, 4, 0, 0, 0, 19, 1100000
0, 0, 4, 0, 0, 0, 0, 0, 1, 0, 0, 1, 8, 278000000
0, 10, 3, 0, 0, 0, 0, 0, 1, 0, 0, 0, 6, 66200000
6, 67, 3, 0, 0, 0, 0, 0, 1, 0, 0, 0, 6, 117000000
6, 67, 3, 0, 0, 0, 0, 0, 1, 0, 0, 0, 6, 117000000
6, 67, 3, 0, 0, 0, 0, 0, 1, 0, 0, 0, 6, 117000000
6, 67, 3, 0, 0, 0, 0, 0, 1, 0, 0, 0, 6, 117000000
6, 67, 3, 0, 0, 0, 0, 0, 1, 0, 0, 0, 6, 117000000
2, 10, 2, 1, 0, 0, 0, 0, 1, 0, 0, 1, 6, 69100000
3, 25, 4, 0, 1, 0, 1, 0, 1, 0, 0, 0, 7, 4790000
3, 25, 4, 0, 1, 0, 1, 0, 1, 0, 0, 0, 7, 4790000
3, 25, 4, 0, 1, 0, 1, 0, 1, 0, 0, 0, 7, 4790000
3, 25, 4, 0, 1, 0, 1, 0, 1, 0, 0, 0, 7, 4790000
6, 152, 3, 0, 2, 0, 0, 0, 1, 0, 0, 0, 6, 11800000
3, 114, 3, 0, 1, 0, 0, 0, 0, 0, 0, 0, 6, 3370000
5, 68, 3, 0, 1, 0, 0, 0, 1, 1, 0, 0, 6, 29700000
5, 68, 3, 0, 1, 0, 0, 0, 1, 1, 0, 0, 6, 29700000
5, 68, 3, 0, 1, 0, 0, 0, 1, 1, 0, 0, 6, 29700000
5, 100, 3, 0, 1, 0, 0, 0, 2, 0, 0, 0, 6, 110000000
5, 100, 3, 0, 1, 0, 0, 0, 2, 0, 0, 0, 6, 110000000
5, 100, 3, 0, 1, 0, 0, 0, 2, 0, 0, 0, 6, 110000000
4, 35, 4, 0, 1, 0, 0, 0, 1, 1, 0, 0, 7, 582000
3, 20, 2, 0, 1, 0, 1, 1, 2, 0, 0, 0, 6, 261000000
3, 6, 4, 0, 1, 0, 1, 0, 1, 2, 0, 0, 8, 18000000
13, 203, 3, 1, 1, 0, 0, 0, 1, 0, 0, 1, 6, 1820000
1, 1, 6, 0, 1, 0, 2, 0, 3, 2, 0, 0, 13, 791000
1, 1, 6, 0, 1, 0, 2, 0, 3, 2, 0, 0, 13, 791000
3, 25, 4, 0, 1, 0, 1, 0, 1, 0, 0, 0, 7, 4790000
3, 25, 4, 0, 1, 0, 1, 0, 1, 0, 0, 0, 7, 4790000
3, 25, 4, 0, 1, 0, 1, 0, 1, 0, 0, 0, 7, 4790000
2, 12, 3, 1, 1, 0, 1, 0, 1, 1, 0, 0, 7, 44300000
4, 12, 4, 1, 1, 0, 0, 0, 1, 1, 0, 1, 8, 107000000
3, 10, 3, 1, 1, 0, 2, 0, 2, 1, 0, 1, 9, 1630000
3, 10, 3, 1, 1, 0, 2, 0, 2, 1, 0, 1, 9, 1630000
6, 114, 2, 0, 1, 0, 1, 0, 2, 0, 0, 0, 6, 112000000
9, 132, 3, 1, 0, 1, 1, 0, 1, 0, 0, 0, 6, 14000000
9, 132, 3, 1, 0, 1, 1, 0, 1, 0, 0, 0, 6, 14000000
9, 132, 3, 1, 0, 1, 1, 0, 1, 0, 0, 0, 6, 14000000
9, 132, 3, 1, 0, 1, 1, 0, 1, 0, 0, 0, 6, 14000000
6, 48, 4, 1, 1, 0, 0, 0, 1, 1, 0, 2, 9, 1550000
3, 325, 2, 0, 0, 0, 0, 0, 0, 0, 1, 0, 3, 1770000000
10, 144, 3, 0, 2, 0, 0, 0, 0, 0, 0, 0, 5, 90200000
7, 125, 3, 0, 2, 0, 1, 0, 1, 0, 0, 0, 6, 177000000
10, 173, 2, 0, 1, 0, 0, 0, 0, 1, 0, 0, 5, 180000000
5, 100, 3, 0, 1, 0, 0, 0, 2, 0, 0, 0, 6, 110000000
5, 100, 3, 0, 1, 0, 0, 0, 2, 0, 0, 0, 6, 110000000
5, 100, 3, 0, 1, 0, 0, 0, 2, 0, 0, 0, 6, 113000000
5, 100, 3, 0, 1, 0, 0, 0, 2, 0, 0, 0, 6, 110000000
5, 100, 3, 0, 1, 0, 0, 0, 2, 0, 0, 0, 6, 113000000
5, 100, 3, 0, 1, 0, 0, 0, 2, 0, 0, 0, 6, 113000000
9, 132, 3, 1, 0, 1, 1, 0, 1, 0, 0, 0, 6, 14300000
19, 245, 2, 0, 2, 0, 0, 0, 1, 0, 0, 0, 5, 38200000
19, 245, 2, 0, 2, 0, 0, 0, 1, 0, 0, 0, 5, 39200000
19, 245, 2, 0, 2, 0, 0, 0, 1, 0, 0, 0, 5, 39200000
13, 173, 2, 0, 1, 0, 1, 0, 1, 0, 0, 0, 5, 46000000
13, 173, 2, 0, 1, 0, 1, 0, 1, 0, 0, 0, 5, 46000000
6, 97, 3, 0, 1, 0, 1, 0, 1, 1, 0, 0, 6, 1920000
6, 97, 3, 0, 1, 0, 1, 0, 1, 1, 0, 0, 6, 1920000
6, 97, 3, 0, 1, 0, 1, 0, 1, 1, 0, 0, 6, 1920000
6, 97, 3, 0, 1, 0, 1, 0, 1, 1, 0, 0, 6, 1860000
6, 97, 3, 0, 1, 0, 1, 0, 1, 1, 0, 0, 6, 1920000
6, 97, 3, 0, 1, 0, 1, 0, 1, 1, 0, 0, 6, 1860000
17, 220, 2, 0, 1, 0, 1, 0, 1, 0, 0, 0, 5, 11600000
2, 23, 4, 0, 1, 0, 1, 0, 1, 2, 0, 0, 10, 10300000
13, 173, 2, 0, 1, 0, 1, 0, 1, 0, 0, 0, 5, 46000000
45, 397, 1, 0, 0, 0, 0, 0, 0, 0, 0, 0, 1, 13310000000
2, 13, 5, 1, 0, 1, 1, 0, 0, 1, 0, 1, 10, 24000000
12, 194, 2, 0, 0, 1, 1, 0, 1, 0, 0, 0, 5, 269000000
2, 13, 5, 1, 0, 1, 1, 0, 0, 1, 0, 1, 10, 24000000
28, 448, 2, 0, 0, 1, 0, 1, 0, 0, 0, 0, 4, 56500000
28, 448, 2, 0, 0, 1, 0, 1, 0, 0, 0, 0, 4, 57900000
27, 431, 2, 0, 0, 1, 1, 1, 1, 0, 0, 0, 5, 6260000
27, 431, 2, 0, 0, 1, 1, 1, 1, 0, 0, 0, 5, 6260000
9, 94, 3, 1, 0, 1, 0, 0, 0, 1, 0, 1, 6, 21200000
2, 13, 5, 1, 0, 1, 1, 0, 0, 1, 0, 1, 10, 24000000
2, 13, 5, 1, 0, 1, 1, 0, 0, 1, 0, 1, 10, 27300000
11, 246, 2, 0, 0, 0, 0, 1, 1, 0, 0, 0, 4, 61600000
0, 3, 4, 0, 0, 1, 1, 0, 1, 0, 0, 0, 9, 45100000
9, 132, 3, 1, 0, 1, 1, 0, 1, 0, 0, 0, 6, 14300000
9, 132, 3, 1, 0, 1, 1, 0, 1, 0, 0, 0, 6, 14000000
18, 213, 3, 0, 0, 1, 0, 0, 0, 0, 1, 0, 5, 6200000
15, 207, 3, 0, 0, 1, 0, 0, 1, 0, 0, 0, 5, 3560000
8, 68, 3, 0, 0, 1, 0, 0, 1, 2, 0, 0, 7, 25400000
2, 4, 5, 0, 0, 1, 1, 0, 3, 2, 0, 0, 12, 80100000
7, 113, 3, 0, 0, 0, 0, 0, 1, 1, 0, 0, 6, 4450000
3, 5, 4, 2, 0, 1, 0, 0, 2, 0, 0, 1, 9, 397000
1, 4, 5, 1, 0, 1, 1, 0, 1, 1, 0, 2, 11, 1120000
1, 4, 5, 1, 0, 1, 1, 0, 1, 1, 0, 2, 11, 1120000
1, 4, 5, 1, 0, 1, 1, 0, 1, 1, 0, 2, 11, 1120000
1, 4, 5, 1, 0, 1, 1, 0, 1, 1, 0, 2, 11, 1560000
1, 4, 5, 1, 0, 1, 1, 0, 1, 1, 0, 2, 11, 1120000
1, 4, 5, 1, 0, 1, 1, 0, 1, 1, 0, 2, 11, 1560000
1, 4, 5, 1, 0, 1, 1, 0, 1, 1, 0, 2, 11, 1560000
8, 59, 4, 0, 1, 1, 0, 0, 1, 0, 0, 0, 7, 2550000
7, 27, 4, 1, 0, 0, 0, 0, 1, 2, 0, 0, 8, 29500000
13, 55, 4, 0, 0, 1, 1, 0, 2, 0, 0, 0, 8, 212000000
1, 32, 3, 0, 0, 1, 2, 0, 1, 0, 0, 0, 7, 4470000
9, 99, 3, 0, 0, 1, 0, 0, 1, 1, 0, 1, 7, 1960000
9, 132, 3, 1, 0, 1, 1, 0, 1, 0, 0, 0, 6, 14000000
14, 122, 3, 0, 0, 1, 0, 0, 0, 2, 0, 0, 6, 52500000
13, 194, 3, 0, 0, 1, 1, 0, 1, 0, 0, 0, 5, 6210000
3, 63, 2, 0, 0, 0, 0, 0, 1, 0, 0, 0, 4, 80600000
14, 235, 2, 1, 0, 1, 0, 0, 0, 0, 0, 1, 4, 1180000
1, 32, 3, 0, 0, 1, 2, 0, 1, 0, 0, 0, 7, 4470000
1, 2, 6, 0, 1, 0, 0, 0, 1, 2, 0, 0, 10, 2660000
1, 2, 6, 0, 1, 0, 0, 0, 1, 2, 0, 0, 10, 2660000
1, 2, 6, 0, 1, 0, 0, 0, 1, 2, 0, 0, 10, 2660000
1, 2, 6, 0, 1, 0, 0, 0, 1, 2, 0, 0, 10, 2660000
1, 2, 6, 0, 1, 0, 0, 0, 1, 2, 0, 0, 10, 2660000
5, 21, 4, 0, 0, 0, 1, 0, 4, 0, 0, 1, 10, 2250000
5, 21, 4, 0, 0, 0, 1, 0, 4, 0, 0, 1, 10, 2250000
5, 21, 4, 0, 0, 0, 1, 0, 4, 0, 0, 1, 10, 2250000
5, 21, 4, 0, 0, 0, 1, 0, 4, 0, 0, 1, 10, 2250000
5, 21, 4, 0, 0, 0, 1, 0, 4, 0, 0, 1, 10, 2250000
5, 21, 4, 0, 0, 0, 1, 0, 4, 0, 0, 1, 10, 2250000
5, 21, 4, 0, 0, 0, 1, 0, 4, 0, 0, 1, 10, 2250000
5, 21, 4, 0, 0, 0, 1, 0, 4, 0, 0, 1, 10, 2250000
5, 21, 4, 0, 0, 0, 1, 0, 4, 0, 0, 1, 10, 2250000
1, 4, 4, 0, 1, 0, 1, 0, 1, 2, 0, 0, 8, 130000000
19, 142, 3, 0, 0, 0, 0, 0, 0, 1, 1, 1, 6, 47100000
1, 4, 4, 0, 1, 0, 1, 0, 1, 2, 0, 0, 8, 130000000
1, 4, 4, 0, 1, 0, 1, 0, 1, 2, 0, 0, 8, 130000000
3, 10, 5, 1, 0, 0, 1, 0, 1, 2, 0, 0, 10, 149000
5, 15, 5, 0, 1, 0, 0, 0, 1, 1, 0, 0, 8, 423000
2, 10, 5, 2, 0, 0, 1, 0, 3, 1, 0, 1, 11, 324000
2, 10, 5, 2, 0, 0, 1, 0, 3, 1, 0, 1, 11, 324000
2, 10, 5, 2, 0, 0, 1, 0, 3, 1, 0, 1, 11, 324000
2, 10, 5, 2, 0, 0, 1, 0, 3, 1, 0, 1, 11, 324000
2, 10, 5, 2, 0, 0, 1, 0, 3, 1, 0, 1, 11, 324000
2, 10, 5, 2, 0, 0, 1, 0, 3, 1, 0, 1, 11, 324000
2, 10, 5, 2, 0, 0, 1, 0, 3, 1, 0, 1, 11, 324000
2, 3, 6, 0, 0, 0, 4, 0, 3, 3, 1, 0, 15, 569000
2, 3, 6, 0, 0, 0, 3, 0, 2, 3, 1, 0, 14, 2160000
2, 3, 5, 2, 0, 0, 0, 0, 2, 1, 0, 2, 11, 6310000
2, 3, 5, 2, 0, 0, 0, 0, 2, 1, 0, 2, 11, 6310000
2, 3, 5, 1, 0, 0, 0, 0, 2, 2, 0, 1, 12, 2480000
2, 19, 4, 0, 0, 0, 1, 0, 2, 2, 0, 0, 11, 76000000
3, 26, 4, 0, 0, 0, 0, 0, 2, 1, 0, 0, 8, 381000000
3, 26, 4, 0, 0, 0, 0, 0, 2, 1, 0, 0, 8, 381000000
3, 26, 4, 0, 0, 0, 0, 0, 2, 1, 0, 0, 8, 381000000
3, 26, 4, 0, 0, 0, 0, 0, 2, 1, 0, 0, 8, 381000000
3, 26, 4, 0, 0, 0, 0, 0, 2, 1, 0, 0, 8, 381000000
3, 26, 4, 0, 0, 0, 0, 0, 2, 1, 0, 0, 8, 381000000
3, 26, 4, 0, 0, 0, 0, 0, 2, 1, 0, 0, 8, 381000000
3, 26, 4, 0, 0, 0, 0, 0, 2, 1, 0, 0, 8, 381000000
9, 36, 4, 0, 1, 0, 0, 0, 3, 1, 0, 0, 10, 603000
8, 27, 5, 0, 1, 0, 0, 0, 4, 1, 0, 0, 12, 89500
2, 3, 5, 0, 0, 0, 0, 0, 1, 2, 0, 0, 10, 1920000
6, 24, 4, 0, 0, 0, 1, 0, 3, 1, 0, 1, 10, 427000000
6, 24, 4, 0, 0, 0, 1, 0, 3, 1, 0, 1, 10, 427000000
1, 3, 5, 0, 0, 0, 1, 0, 1, 2, 0, 1, 12, 25200000
1, 3, 5, 0, 0, 0, 1, 0, 1, 2, 0, 1, 12, 25200000
1, 3, 5, 0, 0, 0, 1, 0, 1, 2, 0, 1, 12, 25200000
1, 3, 5, 0, 0, 0, 1, 0, 1, 2, 0, 1, 12, 25200000
1, 3, 5, 0, 0, 0, 1, 0, 1, 2, 0, 1, 12, 25200000
1, 3, 5, 0, 0, 0, 1, 0, 1, 2, 0, 1, 12, 25200000
3, 8, 4, 2, 0, 0, 1, 0, 1, 2, 0, 1, 10, 1310000
3, 5, 5, 0, 0, 0, 2, 0, 4, 0, 0, 0, 9, 3210000
3, 5, 5, 0, 0, 0, 2, 0, 4, 0, 0, 0, 9, 3210000
13, 55, 4, 0, 0, 1, 1, 0, 2, 0, 0, 0, 8, 212000000
3, 26, 4, 0, 0, 0, 0, 0, 2, 1, 0, 0, 8, 381000000
3, 26, 4, 0, 0, 0, 0, 0, 2, 1, 0, 0, 8, 381000000
19, 397, 2, 1, 0, 0, 0, 0, 0, 0, 0, 1, 3, 61100000
9, 227, 2, 1, 0, 0, 0, 0, 0, 1, 0, 1, 4, 23200000
4, 35, 4, 0, 0, 1, 1, 0, 1, 1, 0, 0, 8, 22700000
4, 35, 4, 0, 0, 1, 1, 0, 1, 1, 0, 0, 8, 22700000
1, 32, 3, 0, 0, 1, 2, 0, 1, 0, 0, 0, 7, 4470000
1, 32, 3, 0, 0, 1, 2, 0, 1, 0, 0, 0, 7, 4470000
19, 437, 1, 0, 0, 0, 0, 1, 0, 0, 0, 0, 2, 913000000
19, 437, 1, 0, 0, 0, 0, 1, 0, 0, 0, 0, 2, 913000000
5, 63, 3, 1, 0, 0, 1, 0, 1, 0, 0, 2, 6, 105000000
5, 63, 3, 1, 0, 0, 1, 0, 1, 0, 0, 2, 6, 105000000
5, 68, 3, 0, 1, 0, 0, 0, 1, 1, 0, 0, 6, 29700000
10, 173, 2, 0, 1, 0, 0, 0, 0, 1, 0, 0, 5, 180000000
2, 52, 3, 0, 1, 0, 0, 0, 1, 0, 0, 0, 6, 1610000
13, 203, 3, 1, 1, 0, 0, 0, 1, 0, 0, 1, 6, 1820000
16, 381, 1, 0, 0, 0, 0, 1, 0, 0, 0, 0, 2, 369000000
17, 183, 2, 0, 1, 0, 0, 0, 0, 2, 0, 0, 5, 4560000
5, 90, 3, 1, 1, 0, 1, 0, 1, 0, 0, 0, 6, 72500000
5, 90, 3, 1, 1, 0, 1, 0, 1, 0, 0, 0, 6, 72500000
5, 90, 3, 1, 1, 0, 1, 0, 1, 0, 0, 0, 6, 72500000
0, 0, 4, 1, 0, 0, 0, 0, 2, 0, 1, 1, 10, 2690000
0, 0, 4, 1, 0, 0, 0, 0, 2, 0, 1, 1, 10, 2690000
11, 305, 2, 0, 0, 0, 1, 0, 2, 0, 0, 0, 5, 54700000
1, 1, 5, 2, 1, 0, 1, 0, 4, 0, 0, 0, 12, 71500000
1, 1, 5, 2, 1, 0, 1, 0, 4, 0, 0, 0, 12, 71500000
1, 1, 5, 2, 1, 0, 1, 0, 4, 0, 0, 0, 12, 71500000
1, 1, 5, 2, 1, 0, 1, 0, 4, 0, 0, 0, 12, 71500000
1, 1, 5, 2, 1, 0, 1, 0, 4, 0, 0, 0, 12, 71500000
17, 305, 2, 0, 1, 0, 1, 0, 2, 0, 0, 0, 5, 25700000
17, 305, 2, 0, 1, 0, 1, 0, 2, 0, 0, 0, 5, 25700000
19, 328, 2, 0, 0, 0, 0, 0, 1, 0, 0, 0, 3, 122000000
5, 40, 3, 0, 1, 0, 1, 0, 2, 1, 0, 0, 8, 1490000
4, 36, 4, 0, 0, 0, 1, 0, 4, 0, 0, 0, 9, 533000
4, 36, 4, 0, 0, 0, 1, 0, 4, 0, 0, 0, 9, 533000
4, 36, 4, 0, 0, 0, 1, 0, 4, 0, 0, 0, 9, 533000
1, 1, 6, 0, 1, 0, 2, 0, 3, 2, 0, 0, 13, 791000
1, 1, 6, 0, 1, 0, 2, 0, 3, 2, 0, 0, 13, 791000
1, 1, 6, 0, 1, 0, 2, 0, 3, 2, 0, 0, 13, 791000
4, 94, 3, 0, 0, 0, 0, 0, 1, 1, 0, 0, 5, 110000000
5, 20, 4, 0, 0, 0, 0, 0, 1, 0, 1, 1, 7, 15200000
14, 187, 2, 1, 0, 0, 0, 0, 2, 0, 0, 1, 5, 114000000
19, 437, 1, 0, 0, 0, 0, 1, 0, 0, 0, 0, 2, 913000000
19, 437, 1, 0, 0, 0, 0, 1, 0, 0, 0, 0, 2, 913000000
12, 134, 2, 0, 0, 0, 0, 0, 2, 2, 0, 0, 6, 16400000
14, 121, 3, 0, 1, 0, 0, 0, 2, 0, 0, 1, 7, 25100000
12, 86, 3, 1, 1, 0, 0, 0, 2, 1, 0, 1, 8, 1850000
9, 160, 2, 0, 0, 0, 0, 1, 0, 1, 0, 1, 5, 3920000
9, 160, 2, 0, 0, 0, 0, 1, 0, 1, 0, 1, 5, 3920000
11, 86, 3, 1, 0, 0, 0, 0, 3, 0, 0, 0, 7, 12100000
16, 381, 1, 0, 0, 0, 0, 1, 0, 0, 0, 0, 2, 369000000
16, 381, 1, 0, 0, 0, 0, 1, 0, 0, 0, 0, 2, 369000000
38, 600, 1, 0, 0, 0, 1, 0, 2, 0, 0, 0, 3, 1480000000
0, 2, 3, 0, 0, 0, 0, 0, 1, 1, 0, 0, 7, 99700000
3, 11, 3, 1, 1, 0, 0, 0, 1, 1, 0, 0, 7, 1870000
3, 7, 3, 1, 1, 0, 0, 0, 1, 1, 0, 0, 7, 1700000
15, 264, 2, 0, 1, 0, 0, 0, 2, 0, 0, 0, 5, 251000000
20, 390, 2, 0, 0, 0, 2, 0, 2, 0, 0, 0, 5, 26200000
20, 390, 2, 0, 0, 0, 2, 0, 2, 0, 0, 0, 5, 26200000
5, 20, 4, 0, 0, 0, 0, 0, 1, 0, 1, 1, 7, 15200000
12, 167, 2, 0, 0, 0, 1, 0, 3, 0, 0, 0, 6, 17700000
34, 447, 1, 0, 0, 0, 0, 0, 0, 1, 0, 0, 2, 4010000000
25, 322, 3, 0, 0, 0, 0, 0, 1, 1, 0, 1, 6, 47000000
14, 236, 2, 0, 0, 0, 0, 0, 1, 1, 0, 1, 5, 91200000
1, 12, 3, 0, 1, 0, 1, 0, 1, 1, 0, 1, 8, 1510000
4, 38, 4, 0, 0, 0, 1, 1, 1, 2, 0, 0, 8, 1460000
4, 38, 4, 0, 0, 0, 1, 1, 1, 2, 0, 0, 8, 1460000
6, 138, 3, 0, 0, 0, 1, 1, 2, 1, 0, 0, 7, 45300000
6, 138, 3, 0, 0, 0, 1, 1, 2, 1, 0, 0, 7, 45300000
1, 7, 4, 0, 0, 0, 0, 0, 1, 3, 0, 0, 9, 2190000
1, 7, 4, 0, 0, 0, 0, 0, 1, 3, 0, 0, 9, 2190000
4, 8, 4, 0, 0, 0, 1, 0, 2, 3, 0, 0, 10, 1810000
14, 164, 3, 1, 0, 0, 0, 0, 0, 3, 0, 2, 8, 887000
19, 271, 3, 0, 0, 0, 0, 0, 0, 2, 0, 0, 6, 1470000
19, 271, 3, 0, 0, 0, 0, 0, 0, 2, 0, 0, 6, 1470000
19, 271, 3, 0, 0, 0, 0, 0, 0, 2, 0, 0, 6, 1470000
19, 271, 3, 0, 0, 0, 0, 0, 0, 2, 0, 0, 6, 1470000
6, 198, 3, 0, 0, 0, 0, 0, 0, 3, 0, 0, 6, 72500000
6, 198, 3, 0, 0, 0, 0, 0, 0, 3, 0, 0, 6, 72500000
3, 9, 4, 0, 0, 0, 1, 0, 2, 2, 1, 0, 9, 36400000
3, 9, 4, 0, 0, 0, 1, 0, 2, 2, 1, 0, 9, 36400000
25, 322, 3, 0, 0, 0, 0, 0, 1, 1, 0, 1, 6, 47000000
16, 383, 2, 0, 0, 0, 1, 0, 2, 1, 0, 0, 6, 62000000
5, 38, 4, 0, 0, 0, 0, 0, 1, 2, 0, 0, 7, 74800000
0, 3, 4, 0, 0, 0, 1, 0, 1, 1, 1, 0, 9, 66000000
0, 0, 6, 0, 0, 0, 1, 0, 2, 2, 2, 0, 16, 8140000
0, 0, 6, 0, 0, 0, 1, 0, 2, 2, 2, 0, 16, 8140000
14, 120, 4, 0, 0, 0, 1, 0, 1, 1, 0, 2, 8, 7830000
14, 120, 4, 0, 0, 0, 1, 0, 1, 1, 0, 2, 8, 7830000
14, 120, 4, 0, 0, 0, 1, 0, 1, 1, 0, 2, 8, 7830000
14, 120, 4, 0, 0, 0, 1, 0, 1, 1, 0, 2, 8, 7830000
14, 120, 4, 0, 0, 0, 1, 0, 1, 1, 0, 2, 8, 7830000
14, 120, 4, 0, 0, 0, 1, 0, 1, 1, 0, 2, 8, 7830000
0, 0, 6, 0, 0, 0, 1, 0, 1, 2, 0, 3, 13, 45900000
5, 50, 3, 0, 1, 0, 0, 0, 2, 1, 0, 0, 7, 1380000
4, 21, 4, 0, 0, 0, 1, 0, 0, 2, 1, 0, 8, 35300000
4, 20, 4, 0, 0, 0, 1, 0, 0, 2, 1, 0, 8, 32600000
4, 67, 3, 0, 0, 0, 1, 0, 0, 1, 1, 0, 6, 252000000
3, 63, 3, 0, 0, 0, 0, 0, 0, 2, 0, 0, 7, 211000
0, 0, 4, 0, 1, 0, 0, 0, 2, 1, 0, 0, 9, 6220000
0, 0, 4, 0, 1, 0, 0, 0, 2, 1, 0, 0, 9, 6220000
0, 0, 4, 0, 1, 0, 0, 0, 2, 1, 0, 0, 9, 13700000
0, 0, 4, 0, 1, 0, 0, 0, 2, 1, 0, 0, 9, 13700000
6, 134, 2, 0, 0, 0, 1, 0, 2, 1, 0, 0, 6, 4020000
2, 65, 2, 0, 0, 0, 1, 0, 1, 1, 0, 0, 5, 1470000000
1, 40, 2, 0, 0, 0, 1, 0, 1, 1, 0, 0, 5, 1610000000
0, 0, 3, 0, 0, 0, 2, 0, 3, 1, 0, 1, 9, 548000000
22, 273, 2, 0, 0, 1, 1, 0, 1, 1, 0, 0, 6, 2870000
22, 273, 2, 0, 0, 1, 1, 0, 1, 1, 0, 0, 6, 2870000
2, 3, 4, 0, 0, 0, 1, 0, 3, 1, 1, 0, 9, 57200000
28, 341, 3, 0, 0, 0, 0, 0, 1, 1, 0, 1, 6, 26600000
2, 3, 4, 0, 0, 0, 1, 0, 3, 1, 1, 0, 9, 57200000
2, 3, 4, 0, 0, 0, 1, 0, 3, 1, 1, 0, 9, 57200000
0, 0, 3, 0, 0, 0, 0, 0, 1, 1, 0, 1, 8, 5820000
28, 341, 3, 0, 0, 0, 0, 0, 1, 1, 0, 1, 6, 26600000
0, 6, 3, 0, 0, 0, 0, 0, 0, 1, 0, 0, 6, 25600000
0, 6, 3, 0, 0, 0, 0, 0, 0, 1, 0, 0, 6, 25600000
9, 205, 1, 1, 0, 0, 0, 1, 0, 0, 0, 0, 3, 702000000
8, 46, 3, 0, 0, 0, 0, 0, 0, 3, 0, 0, 7, 290000000
8, 46, 3, 0, 0, 0, 0, 0, 0, 3, 0, 0, 7, 290000000
4, 16, 5, 0, 0, 0, 2, 0, 2, 3, 1, 0, 11, 7870
4, 16, 5, 0, 0, 0, 2, 0, 2, 3, 1, 0, 11, 7870
4, 16, 5, 0, 0, 0, 2, 0, 2, 3, 1, 0, 11, 7870
2, 38, 3, 1, 0, 0, 0, 0, 1, 2, 0, 1, 8, 329000
8, 67, 3, 1, 0, 0, 1, 0, 2, 1, 0, 1, 8, 2090000
5, 32, 3, 0, 0, 1, 0, 0, 1, 1, 0, 0, 7, 11600000
23, 409, 2, 0, 0, 0, 2, 0, 2, 1, 0, 0, 5, 199000000
15, 208, 2, 0, 0, 1, 0, 0, 0, 1, 0, 0, 5, 163000000
13, 170, 2, 0, 0, 1, 1, 0, 1, 1, 0, 0, 6, 96700000
10, 61, 3, 0, 0, 0, 1, 0, 2, 1, 0, 0, 7, 59300000
15, 208, 2, 0, 0, 1, 0, 0, 0, 1, 0, 0, 5, 163000000
15, 208, 2, 0, 0, 1, 0, 0, 0, 1, 0, 0, 5, 163000000
6, 213, 1, 0, 0, 0, 0, 1, 0, 1, 0, 0, 3, 301000000
15, 208, 2, 0, 0, 1, 0, 0, 0, 1, 0, 0, 5, 163000000
15, 208, 2, 0, 0, 1, 0, 0, 0, 1, 0, 0, 5, 163000000
16, 260, 2, 0, 0, 0, 0, 0, 0, 2, 0, 1, 5, 422000000
1, 3, 4, 0, 0, 0, 1, 0, 1, 2, 0, 0, 9, 110000000
1, 3, 4, 0, 0, 0, 1, 0, 1, 2, 0, 0, 9, 110000000
1, 3, 4, 0, 0, 0, 1, 0, 1, 2, 0, 0, 9, 110000000
1, 3, 4, 0, 0, 0, 1, 0, 1, 2, 0, 0, 9, 110000000
1, 3, 4, 0, 0, 0, 1, 0, 1, 2, 0, 0, 9, 110000000
16, 225, 2, 0, 0, 1, 1, 0, 1, 1, 0, 0, 6, 107000000
15, 208, 2, 0, 0, 1, 0, 0, 0, 1, 0, 0, 5, 163000000
15, 208, 2, 0, 0, 1, 0, 0, 0, 1, 0, 0, 5, 163000000
7, 106, 3, 0, 0, 0, 0, 0, 0, 1, 0, 1, 5, 68100000
7, 106, 3, 0, 0, 0, 0, 0, 0, 1, 0, 1, 5, 68100000
27, 516, 2, 0, 0, 0, 0, 0, 0, 1, 0, 0, 3, 254000000
2, 31, 4, 0, 0, 0, 1, 0, 3, 1, 0, 0, 9, 40400000
4, 38, 3, 0, 0, 0, 0, 0, 2, 1, 0, 0, 7, 616000000
3, 10, 5, 0, 0, 0, 1, 0, 2, 1, 0, 0, 10, 55700000
3, 4, 6, 1, 0, 0, 2, 0, 2, 2, 0, 2, 12, 630000
9, 23, 4, 0, 0, 0, 2, 0, 1, 1, 0, 0, 8, 57300000
5, 22, 5, 1, 0, 0, 2, 0, 1, 1, 0, 1, 10, 4760000
5, 22, 5, 1, 0, 0, 2, 0, 1, 1, 0, 1, 10, 4760000
5, 22, 5, 1, 0, 0, 2, 0, 1, 1, 0, 1, 10, 4760000
5, 22, 5, 1, 0, 0, 2, 0, 1, 1, 0, 1, 10, 4760000
5, 22, 5, 1, 0, 0, 2, 0, 1, 1, 0, 1, 10, 4760000
7, 121, 2, 0, 1, 0, 0, 0, 1, 1, 0, 0, 5, 131000000
0, 34, 2, 0, 0, 0, 0, 0, 1, 1, 0, 0, 5, 4180000000
0, 34, 2, 0, 0, 0, 0, 0, 1, 1, 0, 0, 5, 4180000000
9, 23, 4, 0, 0, 0, 2, 0, 1, 1, 0, 0, 8, 57300000
9, 36, 4, 0, 0, 0, 2, 0, 2, 1, 0, 0, 9, 3650000
9, 23, 4, 0, 0, 0, 2, 0, 1, 1, 0, 0, 8, 57300000
5, 22, 5, 1, 0, 0, 2, 0, 1, 1, 0, 1, 10, 4760000
2, 3, 5, 0, 1, 0, 1, 0, 2, 2, 0, 1, 12, 18400000
9, 82, 2, 1, 0, 0, 0, 0, 1, 1, 0, 0, 5, 133000000
9, 82, 2, 1, 0, 0, 0, 0, 1, 1, 0, 0, 5, 133000000
2, 3, 4, 2, 0, 0, 0, 0, 1, 2, 0, 1, 9, 120000000
2, 3, 4, 2, 0, 0, 0, 0, 1, 2, 0, 1, 9, 120000000
2, 3, 4, 2, 0, 0, 0, 0, 1, 2, 0, 1, 9, 120000000
2, 3, 4, 2, 0, 0, 0, 0, 1, 2, 0, 1, 9, 120000000
14, 161, 2, 0, 0, 1, 0, 0, 0, 1, 0, 0, 5, 101000000
14, 161, 2, 0, 0, 1, 0, 0, 0, 1, 0, 0, 5, 101000000
14, 161, 2, 0, 0, 1, 0, 0, 0, 1, 0, 0, 5, 101000000
9, 93, 2, 0, 0, 0, 0, 0, 2, 2, 0, 0, 6, 492000000
0, 0, 4, 1, 0, 0, 1, 0, 1, 1, 0, 1, 8, 131000000
22, 432, 1, 0, 0, 0, 0, 0, 0, 1, 0, 0, 2, 5200000000
14, 161, 2, 0, 0, 1, 0, 0, 0, 1, 0, 0, 5, 101000000
14, 161, 2, 0, 0, 1, 0, 0, 0, 1, 0, 0, 5, 101000000
14, 161, 2, 0, 0, 1, 0, 0, 0, 1, 0, 0, 5, 101000000
14, 161, 2, 0, 0, 1, 0, 0, 0, 1, 0, 0, 5, 101000000
11, 128, 3, 1, 0, 0, 0, 0, 0, 1, 0, 0, 5, 322000000
7, 215, 2, 1, 0, 0, 0, 0, 0, 1, 0, 1, 4, 20100000
5, 14, 3, 2, 0, 0, 1, 0, 2, 0, 0, 1, 7, 3290000
5, 14, 3, 2, 0, 0, 1, 0, 2, 0, 0, 1, 7, 3290000
2, 6, 3, 1, 0, 0, 0, 0, 1, 0, 0, 1, 7, 125000000
2, 6, 3, 1, 0, 0, 0, 0, 1, 0, 0, 1, 7, 125000000
6, 35, 4, 0, 0, 0, 1, 0, 0, 1, 0, 0, 7, 70800000
2, 10, 4, 0, 1, 1, 0, 0, 1, 0, 0, 0, 8, 612000
20, 385, 2, 0, 1, 1, 1, 0, 1, 0, 0, 0, 5, 17600000
2, 29, 3, 1, 0, 0, 0, 0, 1, 1, 0, 1, 7, 70000000
12, 88, 2, 1, 0, 1, 0, 0, 1, 1, 0, 1, 6, 116000000
15, 144, 2, 0, 1, 1, 1, 0, 1, 1, 0, 0, 6, 4780000
9, 99, 3, 0, 0, 1, 0, 0, 1, 1, 0, 1, 7, 1960000
1, 3, 5, 0, 0, 0, 0, 0, 1, 3, 0, 0, 11, 0
1, 3, 5, 0, 0, 0, 0, 0, 1, 3, 0, 0, 11, 0
28, 595, 2, 0, 0, 1, 0, 0, 1, 0, 0, 0, 4, 0
4, 40, 4, 0, 0, 1, 0, 0, 2, 0, 0, 0, 7, 0
8, 53, 4, 0, 0, 0, 0, 0, 1, 1, 0, 2, 8, 0
8, 53, 4, 0, 0, 0, 0, 0, 1, 1, 0, 2, 8, 0
8, 53, 4, 0, 0, 0, 0, 0, 1, 1, 0, 2, 8, 0
8, 53, 4, 0, 0, 0, 0, 0, 1, 1, 0, 2, 8, 0
8, 53, 4, 0, 0, 0, 0, 0, 1, 1, 0, 2, 8, 0
8, 53, 4, 0, 0, 0, 0, 0, 1, 1, 0, 2, 8, 0
4, 92, 3, 0, 1, 0, 0, 0, 1, 1, 0, 0, 6, 0
4, 92, 3, 0, 1, 0, 0, 0, 1, 1, 0, 0, 6, 0
12, 226, 3, 0, 1, 0, 1, 0, 2, 0, 0, 0, 6, 0
1, 52, 3, 0, 0, 0, 1, 0, 1, 0, 0, 0, 5, 0
6, 78, 3, 0, 0, 0, 0, 0, 0, 1, 0, 0, 5, 0
15, 229, 2, 0, 0, 0, 0, 0, 1, 0, 0, 1, 5, 0
15, 229, 2, 0, 0, 0, 0, 0, 1, 0, 0, 1, 5, 0
8, 124, 3, 1, 0, 0, 1, 0, 3, 0, 0, 1, 8, 0
8, 124, 3, 1, 0, 0, 1, 0, 3, 0, 0, 1, 8, 0
8, 124, 3, 1, 0, 0, 1, 0, 3, 0, 0, 1, 8, 0
5, 33, 4, 0, 0, 0, 0, 0, 0, 1, 1, 0, 7, 0
5, 33, 4, 0, 0, 0, 0, 0, 0, 1, 1, 0, 7, 0
5, 33, 4, 0, 0, 0, 0, 0, 0, 1, 1, 0, 7, 0
10, 94, 4, 0, 0, 0, 0, 0, 0, 0, 1, 0, 7, 0
10, 94, 4, 0, 0, 0, 0, 0, 0, 0, 1, 0, 7, 0
4, 14, 4, 0, 0, 0, 0, 0, 0, 0, 1, 0, 8, 0
4, 14, 4, 0, 0, 0, 0, 0, 0, 0, 1, 0, 8, 0
11, 147, 3, 0, 0, 0, 1, 1, 1, 0, 0, 0, 6, 0
4, 38, 3, 0, 1, 0, 1, 0, 1, 1, 0, 0, 7, 0
11, 147, 3, 0, 0, 0, 1, 1, 1, 0, 0, 0, 6, 0
3, 28, 4, 0, 1, 0, 1, 0, 1, 0, 0, 0, 7, 0
4, 38, 3, 0, 1, 0, 1, 0, 1, 1, 0, 0, 7, 0
8, 124, 3, 1, 0, 0, 0, 0, 2, 0, 0, 1, 7, 0
8, 124, 3, 1, 0, 0, 0, 0, 2, 0, 0, 1, 7, 0
8, 124, 3, 1, 0, 0, 0, 0, 2, 0, 0, 1, 7, 0
8, 124, 3, 1, 0, 0, 0, 0, 2, 0, 0, 1, 7, 0
8, 124, 3, 1, 0, 0, 1, 0, 3, 0, 0, 1, 8, 0
8, 124, 3, 1, 0, 0, 1, 0, 3, 0, 0, 1, 8, 0
8, 124, 3, 1, 0, 0, 1, 0, 3, 0, 0, 1, 8, 0
1, 13, 2, 0, 0, 0, 1, 0, 1, 0, 0, 0, 5, 0
1, 13, 2, 0, 0, 0, 1, 0, 1, 0, 0, 0, 5, 0
11, 147, 3, 0, 0, 0, 1, 1, 1, 0, 0, 0, 6, 0
11, 147, 3, 0, 0, 0, 1, 1, 1, 0, 0, 0, 6, 0
11, 147, 3, 0, 0, 0, 1, 1, 1, 0, 0, 0, 6, 0
11, 147, 3, 0, 0, 0, 1, 1, 1, 0, 0, 0, 6, 0
11, 147, 3, 0, 0, 0, 1, 1, 1, 0, 0, 0, 6, 0
4, 27, 4, 0, 0, 0, 1, 0, 2, 2, 0, 0, 10, 0
0, 0, 4, 0, 0, 0, 0, 0, 2, 0, 0, 1, 10, 0
0, 0, 6, 3, 0, 0, 1, 0, 4, 0, 0, 1, 15, 0
0, 0, 6, 3, 0, 0, 1, 0, 4, 0, 0, 1, 15, 0
26, 377, 3, 0, 0, 0, 1, 0, 2, 0, 0, 0, 6, 0
10, 94, 4, 0, 0, 0, 0, 0, 0, 0, 1, 0, 7, 0
10, 94, 4, 0, 0, 0, 0, 0, 0, 0, 1, 0, 7, 0
2, 10, 5, 0, 0, 0, 2, 0, 2, 1, 0, 0, 13, 0
2, 10, 5, 0, 0, 0, 2, 0, 2, 1, 0, 0, 13, 0
16, 163, 3, 0, 0, 0, 0, 0, 1, 0, 1, 0, 6, 0
16, 163, 3, 0, 0, 0, 0, 0, 1, 0, 1, 0, 6, 0
16, 163, 3, 0, 0, 0, 0, 0, 1, 0, 1, 0, 6, 0
16, 163, 3, 0, 0, 0, 0, 0, 1, 0, 1, 0, 6, 0
1, 3, 6, 0, 0, 0, 2, 0, 1, 1, 0, 0, 13, 0
26, 413, 3, 0, 1, 0, 0, 0, 0, 0, 0, 0, 4, 0
26, 413, 3, 0, 1, 0, 0, 0, 0, 0, 0, 0, 4, 0
26, 413, 3, 0, 1, 0, 0, 0, 0, 0, 0, 0, 4, 0
3, 28, 4, 0, 1, 0, 1, 0, 1, 0, 0, 0, 7, 0
3, 28, 4, 0, 1, 0, 1, 0, 1, 0, 0, 0, 7, 0
3, 28, 4, 0, 1, 0, 1, 0, 1, 0, 0, 0, 7, 0
31, 406, 3, 0, 0, 0, 1, 0, 1, 0, 0, 1, 6, 0
6, 92, 2, 0, 0, 0, 0, 0, 2, 0, 0, 0, 6, 0
5, 33, 4, 0, 0, 0, 0, 0, 0, 1, 1, 0, 7, 0
5, 33, 4, 0, 0, 0, 0, 0, 0, 1, 1, 0, 7, 0
5, 33, 4, 0, 0, 0, 0, 0, 0, 1, 1, 0, 7, 0
5, 33, 4, 0, 0, 0, 0, 0, 0, 1, 1, 0, 7, 0
5, 33, 4, 0, 0, 0, 0, 0, 0, 1, 1, 0, 7, 0
5, 33, 4, 0, 0, 0, 0, 0, 0, 1, 1, 0, 7, 0
4, 14, 3, 0, 0, 0, 0, 0, 1, 0, 0, 0, 8, 0
2, 22, 4, 0, 0, 0, 0, 0, 1, 0, 0, 0, 7, 0
2, 22, 4, 0, 0, 0, 0, 0, 1, 0, 0, 0, 7, 0
2, 22, 4, 0, 0, 0, 0, 0, 1, 0, 0, 0, 7, 0
13, 142, 3, 0, 0, 0, 0, 0, 3, 0, 0, 0, 7, 0
13, 142, 3, 0, 0, 0, 0, 0, 3, 0, 0, 0, 7, 0
11, 116, 3, 1, 0, 0, 1, 0, 1, 1, 0, 1, 7, 0
11, 116, 3, 1, 0, 0, 1, 0, 1, 1, 0, 1, 7, 0
11, 116, 3, 1, 0, 0, 1, 0, 1, 1, 0, 1, 7, 0
0, 2, 5, 0, 0, 0, 1, 0, 1, 1, 1, 0, 10, 0
0, 2, 5, 0, 0, 0, 1, 0, 1, 1, 1, 0, 10, 0
5, 33, 4, 0, 0, 0, 0, 0, 0, 1, 1, 0, 7, 0
5, 33, 4, 0, 0, 0, 0, 0, 0, 1, 1, 0, 7, 0
13, 90, 3, 0, 0, 0, 1, 0, 2, 1, 0, 0, 7, 0
4, 14, 3, 0, 0, 0, 0, 0, 1, 0, 0, 0, 8, 0
4, 14, 3, 0, 0, 0, 0, 0, 1, 0, 0, 0, 8, 0
3, 14, 4, 1, 0, 0, 0, 0, 2, 0, 0, 2, 9, 0
14, 238, 2, 0, 0, 0, 1, 0, 3, 0, 0, 0, 6, 0
7, 32, 3, 0, 1, 0, 0, 0, 2, 0, 0, 0, 7, 0
7, 32, 3, 0, 1, 0, 0, 0, 2, 0, 0, 0, 7, 0
7, 32, 3, 0, 1, 0, 0, 0, 2, 0, 0, 0, 7, 0
14, 238, 2, 0, 0, 0, 1, 0, 3, 0, 0, 0, 6, 0
7, 77, 3, 0, 0, 0, 0, 0, 2, 0, 0, 0, 7, 0
4, 35, 4, 0, 1, 0, 1, 0, 2, 1, 0, 0, 9, 0
5, 31, 4, 0, 1, 0, 2, 0, 3, 1, 0, 0, 10, 0
11, 104, 3, 0, 0, 0, 2, 0, 3, 1, 0, 0, 8, 0
1, 6, 5, 0, 0, 0, 2, 0, 3, 1, 0, 0, 10, 0
6, 14, 4, 0, 0, 0, 1, 0, 1, 1, 0, 0, 9, 0
9, 51, 3, 0, 0, 0, 1, 0, 2, 1, 0, 0, 8, 0
9, 51, 3, 0, 0, 0, 1, 0, 2, 1, 0, 0, 8, 0
10, 82, 3, 0, 0, 0, 0, 0, 2, 1, 0, 0, 7, 0
2, 29, 3, 0, 0, 0, 0, 0, 1, 1, 0, 0, 8, 0
7, 32, 3, 0, 1, 0, 0, 0, 2, 0, 0, 0, 7, 0
1, 6, 5, 2, 0, 0, 0, 0, 2, 2, 0, 2, 13, 0
1, 6, 5, 2, 0, 0, 0, 0, 2, 2, 0, 2, 13, 0
10, 78, 4, 0, 0, 0, 0, 0, 1, 1, 0, 1, 8, 0
2, 22, 4, 0, 0, 0, 0, 0, 1, 0, 0, 0, 7, 0
2, 3, 4, 0, 1, 0, 2, 0, 2, 1, 0, 0, 11, 0
2, 3, 4, 0, 1, 0, 2, 0, 2, 1, 0, 0, 11, 0
2, 3, 4, 0, 1, 0, 2, 0, 2, 1, 0, 0, 11, 0
2, 3, 4, 0, 1, 0, 2, 0, 2, 1, 0, 0, 11, 0
10, 78, 3, 0, 0, 0, 2, 0, 2, 0, 0, 0, 7, 0
2, 3, 4, 0, 1, 0, 2, 0, 2, 1, 0, 0, 11, 0
2, 3, 4, 0, 1, 0, 2, 0, 2, 1, 0, 0, 11, 0
2, 3, 4, 0, 1, 0, 2, 0, 2, 1, 0, 0, 11, 0
8, 76, 4, 0, 0, 0, 0, 0, 1, 0, 0, 0, 7, 0
0, 27, 2, 0, 0, 0, 0, 0, 2, 0, 0, 0, 6, 0
0, 0, 8, 2, 0, 0, 2, 0, 4, 1, 0, 0, 20, 0
0, 0, 8, 2, 0, 0, 2, 0, 4, 1, 0, 0, 20, 0
0, 0, 4, 0, 0, 0, 0, 0, 3, 0, 0, 1, 12, 0
0, 0, 4, 0, 0, 0, 0, 0, 3, 0, 0, 1, 12, 0
0, 0, 4, 0, 0, 0, 0, 0, 2, 1, 0, 0, 12, 0
0, 0, 4, 0, 0, 0, 0, 0, 2, 1, 0, 0, 12, 0
10, 106, 3, 0, 0, 0, 0, 0, 1, 0, 1, 0, 6, 0
0, 0, 4, 0, 0, 0, 3, 0, 5, 0, 0, 0, 12, 0
0, 0, 4, 0, 0, 0, 3, 0, 5, 0, 0, 0, 12, 0
11, 104, 3, 0, 0, 0, 2, 0, 3, 1, 0, 0, 8, 0
2, 3, 4, 0, 1, 0, 2, 0, 2, 1, 0, 0, 11, 0
2, 3, 4, 0, 1, 0, 2, 0, 2, 1, 0, 0, 11, 0
2, 15, 6, 1, 0, 0, 2, 0, 3, 0, 0, 3, 13, 0
3, 9, 4, 1, 0, 0, 3, 0, 3, 0, 0, 0, 9, 0
0, 2, 5, 0, 0, 0, 0, 0, 0, 1, 1, 0, 9, 0
4, 36, 4, 0, 0, 0, 0, 0, 0, 1, 1, 0, 7, 0
4, 36, 4, 0, 0, 0, 0, 0, 0, 1, 1, 0, 7, 0
4, 36, 4, 0, 0, 0, 0, 0, 0, 1, 1, 0, 7, 0
4, 36, 4, 0, 0, 0, 0, 0, 0, 1, 1, 0, 7, 0
4, 36, 4, 0, 0, 0, 0, 0, 0, 1, 1, 0, 7, 0
4, 37, 3, 0, 1, 0, 1, 0, 2, 0, 0, 0, 8, 0
3, 4, 5, 0, 0, 1, 2, 0, 4, 0, 1, 0, 13, 0
3, 4, 5, 0, 0, 1, 2, 0, 4, 0, 1, 0, 13, 0
8, 34, 3, 0, 1, 0, 0, 0, 1, 1, 0, 0, 8, 0
2, 2, 6, 0, 0, 0, 1, 0, 4, 0, 1, 0, 13, 0
9, 51, 3, 0, 0, 0, 1, 0, 2, 1, 0, 0, 8, 0
14, 250, 2, 0, 0, 0, 1, 0, 2, 0, 0, 0, 5, 0
8, 84, 2, 1, 0, 0, 0, 0, 2, 0, 0, 0, 6, 0
6, 16, 4, 0, 0, 0, 1, 0, 1, 1, 0, 0, 9, 0
14, 192, 3, 0, 0, 0, 1, 0, 2, 0, 0, 0, 7, 0
5, 28, 4, 0, 0, 0, 1, 0, 2, 2, 0, 0, 10, 0
10, 78, 3, 0, 0, 0, 2, 0, 2, 0, 0, 0, 7, 0
5, 30, 3, 0, 0, 0, 0, 0, 4, 1, 0, 0, 10, 0
5, 30, 3, 0, 0, 0, 0, 0, 4, 1, 0, 0, 10, 0
11, 40, 4, 0, 0, 0, 2, 0, 2, 1, 0, 0, 9, 0
10, 78, 3, 0, 0, 0, 2, 0, 2, 0, 0, 0, 7, 0
10, 78, 3, 0, 0, 0, 2, 0, 2, 0, 0, 0, 7, 0
10, 78, 3, 0, 0, 0, 2, 0, 2, 0, 0, 0, 7, 0
7, 25, 4, 0, 0, 0, 1, 0, 3, 0, 0, 0, 11, 0
7, 26, 3, 0, 1, 0, 0, 0, 2, 0, 0, 0, 8, 0
3, 7, 4, 0, 0, 0, 2, 0, 2, 0, 0, 0, 9, 0
3, 7, 4, 0, 0, 0, 2, 0, 2, 0, 0, 0, 9, 0
10, 78, 3, 0, 0, 0, 2, 0, 2, 0, 0, 0, 7, 0
11, 148, 2, 0, 1, 0, 0, 0, 1, 0, 0, 0, 5, 0
33, 471, 2, 0, 0, 0, 1, 0, 1, 0, 0, 0, 4, 0
10, 136, 3, 0, 0, 0, 1, 0, 1, 0, 0, 0, 6, 0
14, 224, 3, 0, 0, 0, 0, 0, 1, 0, 0, 0, 5, 0
4, 17, 4, 0, 0, 0, 0, 0, 1, 1, 1, 1, 8, 0
9, 304, 2, 0, 0, 0, 0, 0, 1, 0, 1, 0, 4, 0
13, 342, 3, 0, 0, 0, 1, 0, 2, 0, 1, 0, 6, 0
18, 248, 3, 0, 0, 0, 0, 0, 0, 1, 1, 1, 6, 0
11, 137, 3, 0, 0, 0, 1, 0, 1, 1, 1, 0, 7, 0
6, 117, 3, 0, 0, 0, 0, 0, 1, 0, 1, 0, 6, 0
9, 71, 4, 1, 1, 0, 0, 0, 0, 0, 1, 1, 7, 0
0, 0, 4, 1, 0, 0, 0, 0, 0, 1, 1, 0, 9, 0
0, 0, 4, 1, 0, 0, 0, 0, 0, 1, 1, 0, 9, 0
15, 103, 4, 0, 0, 0, 0, 0, 1, 0, 1, 1, 7, 0
15, 103, 4, 0, 0, 0, 0, 0, 1, 0, 1, 1, 7, 0
11, 165, 3, 0, 0, 0, 1, 0, 1, 0, 1, 0, 5, 0
12, 147, 3, 0, 0, 0, 1, 0, 1, 0, 1, 0, 6, 0
19, 239, 2, 0, 1, 0, 1, 0, 1, 0, 0, 0, 5, 0
19, 239, 2, 0, 1, 0, 1, 0, 1, 0, 0, 0, 5, 0
0, 27, 3, 0, 0, 0, 0, 0, 0, 0, 1, 0, 6, 0
0, 1, 4, 1, 0, 0, 0, 0, 0, 0, 1, 0, 7, 0
19, 422, 2, 0, 0, 0, 1, 0, 0, 1, 0, 0, 4, 0
19, 422, 2, 0, 0, 0, 1, 0, 0, 1, 0, 0, 4, 0
15, 158, 3, 0, 0, 0, 1, 0, 1, 0, 1, 0, 5, 0
15, 158, 3, 0, 0, 0, 1, 0, 1, 0, 1, 0, 5, 0
16, 209, 2, 0, 0, 0, 1, 0, 1, 1, 0, 0, 5, 0
5, 116, 2, 0, 0, 0, 1, 0, 1, 0, 0, 0, 4, 0
4, 36, 5, 0, 0, 0, 2, 0, 4, 1, 0, 0, 11, 0
6, 53, 5, 1, 0, 0, 1, 0, 2, 0, 0, 1, 9, 0
5, 49, 3, 1, 0, 0, 1, 0, 2, 0, 0, 1, 7, 0
6, 37, 4, 1, 0, 0, 1, 0, 4, 0, 0, 1, 10, 0
7, 30, 4, 0, 1, 0, 0, 0, 1, 0, 0, 0, 7, 0
7, 30, 4, 0, 1, 0, 0, 0, 1, 0, 0, 0, 7, 0
17, 224, 3, 0, 1, 0, 0, 0, 2, 0, 0, 0, 6, 0
4, 68, 3, 0, 1, 0, 0, 0, 3, 0, 0, 0, 7, 0
17, 346, 2, 0, 0, 0, 1, 1, 2, 0, 0, 0, 5, 0
5, 116, 2, 0, 0, 0, 1, 0, 1, 0, 0, 0, 4, 0
5, 116, 2, 0, 0, 0, 1, 0, 1, 0, 0, 0, 4, 0
7, 71, 4, 0, 0, 0, 1, 0, 2, 1, 0, 0, 8, 0
10, 43, 4, 0, 0, 0, 1, 0, 3, 1, 0, 0, 10, 0
8, 117, 3, 0, 0, 0, 0, 0, 1, 1, 0, 0, 7, 0
6, 55, 4, 0, 0, 0, 0, 0, 2, 0, 1, 1, 8, 0
22, 362, 2, 0, 0, 0, 1, 0, 1, 0, 1, 0, 5, 0
9, 57, 4, 0, 0, 0, 2, 0, 4, 0, 0, 1, 10, 0
2, 19, 4, 0, 0, 0, 0, 0, 1, 2, 0, 0, 7, 0
13, 104, 4, 1, 0, 0, 1, 0, 2, 0, 0, 1, 8, 0
17, 159, 3, 1, 0, 0, 1, 0, 3, 0, 0, 0, 7, 0
2, 19, 4, 0, 0, 0, 0, 0, 1, 2, 0, 0, 7, 0
7, 36, 3, 0, 0, 0, 1, 0, 2, 0, 0, 0, 8, 0
20, 270, 2, 0, 0, 0, 1, 0, 3, 0, 0, 0, 5, 0
9, 127, 3, 0, 0, 0, 1, 0, 2, 0, 0, 0, 6, 0
9, 127, 3, 0, 0, 0, 1, 0, 2, 0, 0, 0, 6, 0
9, 127, 3, 0, 0, 0, 1, 0, 2, 0, 0, 0, 6, 0
9, 127, 3, 0, 0, 0, 1, 0, 2, 0, 0, 0, 6, 0
9, 127, 3, 0, 0, 0, 1, 0, 2, 0, 0, 0, 6, 0
0, 45, 2, 0, 0, 1, 1, 0, 1, 0, 0, 0, 5, 0
0, 45, 2, 0, 0, 1, 1, 0, 1, 0, 0, 0, 5, 0
9, 178, 3, 1, 0, 0, 2, 0, 2, 0, 0, 0, 6, 0
2, 3, 5, 0, 0, 0, 3, 0, 3, 0, 0, 1, 11, 0
17, 257, 3, 0, 0, 0, 1, 0, 2, 0, 0, 1, 6, 0
17, 257, 3, 0, 0, 0, 1, 0, 2, 0, 0, 1, 6, 0
5, 117, 3, 0, 0, 0, 1, 0, 0, 0, 0, 0, 6, 0
3, 5, 4, 0, 0, 1, 2, 0, 2, 0, 0, 0, 10, 0
3, 5, 4, 0, 0, 1, 2, 0, 2, 0, 0, 0, 10, 0
3, 5, 4, 0, 0, 1, 2, 0, 2, 0, 0, 0, 10, 0
20, 400, 2, 1, 0, 0, 1, 0, 1, 0, 0, 1, 4, 0
20, 400, 2, 1, 0, 0, 1, 0, 1, 0, 0, 1, 4, 0
12, 215, 3, 1, 0, 0, 2, 0, 2, 1, 0, 1, 7, 0
0, 1, 3, 1, 0, 0, 1, 0, 1, 2, 0, 1, 8, 0
4, 28, 4, 1, 0, 0, 3, 0, 3, 0, 0, 0, 9, 0
4, 28, 4, 1, 0, 0, 3, 0, 3, 0, 0, 0, 9, 0
5, 80, 2, 0, 0, 0, 1, 0, 2, 1, 0, 0, 5, 0
5, 80, 2, 0, 0, 0, 1, 0, 2, 1, 0, 0, 5, 0
1, 26, 4, 0, 1, 0, 1, 0, 1, 0, 0, 0, 6, 0
0, 0, 4, 0, 1, 0, 1, 0, 2, 0, 0, 1, 10, 0
0, 0, 4, 0, 1, 0, 1, 0, 2, 0, 0, 1, 10, 0
0, 3, 4, 0, 0, 0, 1, 0, 1, 1, 0, 1, 9, 0
0, 3, 4, 0, 0, 0, 1, 0, 1, 1, 0, 1, 9, 0
0, 3, 4, 0, 0, 0, 1, 0, 1, 1, 0, 1, 9, 0
5, 80, 2, 0, 0, 0, 1, 0, 2, 1, 0, 0, 5, 0
4, 34, 3, 0, 0, 0, 2, 0, 3, 1, 0, 0, 8, 0
10, 50, 3, 0, 1, 0, 1, 0, 1, 1, 0, 1, 7, 0
6, 119, 3, 0, 0, 0, 2, 0, 3, 1, 0, 0, 7, 0
5, 80, 2, 0, 0, 0, 1, 0, 2, 1, 0, 0, 5, 0
5, 80, 2, 0, 0, 0, 1, 0, 2, 1, 0, 0, 5, 0
4, 28, 4, 1, 0, 0, 3, 0, 3, 0, 0, 0, 9, 0
22, 362, 2, 0, 0, 0, 1, 0, 1, 0, 1, 0, 5, 0
20, 313, 1, 0, 0, 0, 1, 0, 1, 0, 0, 0, 2, 0
5, 80, 2, 0, 0, 0, 1, 0, 2, 1, 0, 0, 5, 0
3, 4, 6, 1, 1, 0, 2, 0, 2, 1, 1, 0, 14, 0
1, 1, 6, 0, 1, 0, 2, 0, 3, 2, 0, 0, 13, 0
1, 1, 6, 0, 1, 0, 2, 0, 3, 2, 0, 0, 13, 0
3, 4, 6, 1, 1, 0, 1, 0, 1, 1, 1, 0, 13, 0
3, 4, 6, 1, 1, 0, 1, 0, 1, 1, 1, 0, 13, 0
2, 3, 6, 0, 1, 0, 2, 0, 1, 2, 1, 0, 13, 0
3, 4, 6, 1, 1, 0, 1, 0, 1, 1, 1, 0, 13, 0
3, 4, 6, 1, 1, 0, 1, 0, 1, 1, 1, 0, 13, 0
3, 4, 6, 1, 1, 0, 2, 0, 2, 1, 1, 0, 14, 0
3, 4, 6, 1, 1, 0, 2, 0, 2, 1, 1, 0, 14, 0
1, 1, 6, 0, 1, 0, 2, 0, 3, 2, 0, 0, 13, 0
6, 88, 3, 1, 0, 0, 1, 0, 2, 0, 0, 1, 6, 0
10, 125, 2, 0, 1, 0, 1, 0, 2, 0, 0, 0, 5, 0
2, 13, 3, 0, 0, 0, 1, 0, 2, 1, 0, 0, 7, 0
0, 0, 4, 1, 1, 0, 1, 0, 2, 2, 0, 1, 11, 0
1, 26, 4, 0, 1, 0, 1, 0, 1, 0, 0, 0, 6, 0
0, 0, 5, 0, 0, 0, 3, 0, 4, 0, 0, 0, 13, 0
0, 0, 5, 0, 0, 0, 3, 0, 4, 0, 0, 0, 13, 0
2, 16, 6, 0, 0, 0, 3, 0, 4, 1, 0, 0, 13, 0
2, 8, 4, 0, 0, 0, 2, 0, 3, 2, 0, 0, 10, 0
2, 35, 3, 0, 0, 0, 1, 0, 2, 1, 0, 0, 6, 0
4, 17, 4, 0, 0, 0, 0, 0, 1, 1, 1, 1, 8, 0
5, 33, 4, 0, 0, 0, 2, 0, 3, 0, 0, 0, 9, 0
5, 33, 4, 0, 0, 0, 2, 0, 3, 0, 0, 0, 9, 0
6, 42, 3, 0, 1, 0, 1, 0, 1, 0, 0, 0, 6, 0
6, 54, 3, 0, 1, 0, 1, 0, 1, 0, 0, 0, 6, 0
2, 7, 5, 0, 0, 0, 2, 1, 2, 1, 0, 1, 12, 0
6, 108, 2, 1, 0, 0, 1, 0, 2, 0, 0, 1, 5, 0
21, 350, 2, 1, 0, 0, 1, 0, 1, 0, 0, 1, 4, 0
5, 75, 3, 0, 1, 0, 1, 0, 2, 0, 0, 0, 8, 0
5, 75, 3, 0, 1, 0, 1, 0, 2, 0, 0, 0, 8, 0
1, 2, 2, 1, 0, 0, 1, 0, 1, 0, 0, 0, 7, 0
1, 15, 3, 1, 0, 0, 0, 0, 0, 2, 0, 1, 7, 0
1, 15, 3, 1, 0, 0, 0, 0, 0, 2, 0, 1, 7, 0
1, 15, 3, 1, 0, 0, 0, 0, 0, 2, 0, 1, 7, 0
1, 15, 3, 1, 0, 0, 0, 0, 0, 2, 0, 1, 7, 0
1, 15, 3, 1, 0, 0, 0, 0, 0, 2, 0, 1, 7, 0
1, 15, 3, 1, 0, 0, 0, 0, 0, 2, 0, 1, 7, 0
1, 15, 3, 1, 0, 0, 0, 0, 0, 2, 0, 1, 7, 0
1, 15, 3, 1, 0, 0, 0, 0, 0, 2, 0, 1, 7, 0
3, 13, 5, 0, 1, 0, 1, 0, 2, 1, 1, 0, 12, 0
3, 19, 5, 0, 1, 0, 1, 0, 2, 1, 0, 0, 11, 0
5, 51, 4, 0, 0, 0, 0, 0, 0, 2, 0, 1, 8, 0
12, 204, 2, 0, 1, 0, 0, 0, 0, 1, 0, 0, 5, 0
0, 3, 3, 0, 0, 0, 1, 0, 1, 0, 0, 0, 7, 0
0, 3, 3, 0, 0, 0, 1, 0, 1, 0, 0, 0, 7, 0
0, 0, 7, 0, 1, 0, 1, 0, 2, 3, 0, 0, 15, 0
2, 5, 3, 0, 0, 0, 1, 0, 3, 1, 0, 0, 9, 0
10, 121, 3, 0, 0, 0, 0, 0, 2, 0, 0, 0, 6, 0
8, 65, 3, 0, 0, 0, 0, 0, 2, 1, 0, 0, 7, 0
5, 55, 3, 0, 1, 0, 0, 0, 2, 1, 0, 0, 8, 0
5, 26, 3, 0, 0, 0, 2, 0, 4, 1, 0, 0, 11, 0
5, 26, 3, 0, 0, 0, 2, 0, 4, 1, 0, 0, 11, 0
5, 26, 3, 0, 0, 0, 2, 0, 4, 1, 0, 0, 11, 0
5, 26, 3, 0, 0, 0, 2, 0, 4, 1, 0, 0, 11, 0
5, 26, 3, 0, 0, 0, 2, 0, 4, 1, 0, 0, 11, 0
5, 26, 3, 0, 0, 0, 2, 0, 4, 1, 0, 0, 11, 0
5, 26, 3, 0, 0, 0, 2, 0, 4, 1, 0, 0, 11, 0
4, 13, 5, 1, 1, 0, 0, 0, 2, 0, 0, 2, 11, 0
10, 74, 3, 1, 1, 0, 1, 0, 2, 0, 0, 1, 8, 0
3, 7, 4, 0, 1, 0, 1, 0, 3, 1, 0, 0, 10, 0
2, 5, 3, 0, 0, 0, 1, 0, 3, 1, 0, 0, 9, 0
14, 272, 2, 0, 0, 0, 0, 0, 1, 0, 0, 0, 4, 0
10, 78, 3, 0, 0, 0, 2, 0, 2, 0, 0, 0, 7, 0
7, 59, 4, 1, 0, 0, 0, 0, 1, 1, 0, 0, 8, 0
43, 631, 2, 0, 0, 0, 0, 0, 1, 0, 0, 0, 4, 0
43, 631, 2, 0, 0, 0, 0, 0, 1, 0, 0, 0, 4, 0
13, 138, 2, 2, 0, 0, 1, 0, 2, 0, 0, 1, 6, 0
13, 138, 2, 2, 0, 0, 1, 0, 2, 0, 0, 1, 6, 0
15, 207, 3, 0, 0, 1, 0, 0, 1, 0, 0, 0, 5, 0
15, 207, 3, 0, 0, 1, 0, 0, 1, 0, 0, 0, 5, 0
24, 362, 2, 0, 0, 1, 0, 0, 0, 1, 0, 0, 4, 0
36, 566, 2, 0, 0, 0, 0, 0, 0, 1, 0, 0, 3, 0
20, 397, 2, 0, 0, 0, 1, 0, 1, 1, 0, 0, 4, 0
20, 397, 2, 0, 0, 0, 1, 0, 1, 1, 0, 0, 4, 0
24, 461, 2, 0, 0, 0, 0, 0, 0, 1, 0, 0, 3, 0
1, 7, 6, 0, 0, 0, 2, 0, 1, 1, 0, 0, 11, 0
1, 7, 6, 0, 0, 0, 2, 0, 1, 1, 0, 0, 11, 0
14, 235, 2, 1, 0, 1, 0, 0, 0, 0, 0, 1, 4, 0
14, 235, 2, 1, 0, 1, 0, 0, 0, 0, 0, 1, 4, 0
12, 169, 3, 1, 0, 0, 1, 0, 1, 0, 0, 0, 6, 0
12, 169, 3, 1, 0, 0, 1, 0, 1, 0, 0, 0, 6, 0
34, 461, 2, 1, 1, 0, 0, 0, 0, 0, 0, 1, 4, 0
34, 461, 2, 1, 1, 0, 0, 0, 0, 0, 0, 1, 4, 0
13, 171, 3, 1, 0, 0, 0, 0, 2, 0, 0, 1, 6, 0
3, 34, 4, 2, 0, 0, 0, 0, 2, 0, 0, 1, 8, 0
3, 34, 4, 2, 0, 0, 0, 0, 2, 0, 0, 1, 8, 0
3, 34, 4, 2, 0, 0, 0, 0, 2, 0, 0, 1, 8, 0
8, 124, 3, 1, 1, 0, 0, 0, 0, 0, 0, 1, 6, 0
5, 78, 3, 1, 1, 0, 0, 0, 0, 0, 0, 1, 6, 0
13, 180, 3, 1, 0, 0, 1, 1, 1, 1, 0, 0, 7, 0
13, 180, 3, 1, 0, 0, 1, 1, 1, 1, 0, 0, 7, 0
27, 286, 2, 1, 0, 0, 0, 0, 1, 1, 0, 1, 5, 0
17, 281, 2, 1, 0, 0, 0, 0, 0, 1, 1, 1, 5, 0
14, 215, 2, 1, 0, 0, 1, 0, 1, 1, 0, 1, 6, 0
9, 63, 3, 1, 0, 0, 1, 0, 1, 1, 0, 1, 8, 0
8, 121, 2, 1, 0, 0, 0, 0, 1, 0, 0, 1, 5, 0
25, 425, 1, 1, 0, 0, 0, 0, 0, 0, 0, 1, 2, 0
16, 228, 1, 1, 0, 0, 1, 0, 0, 0, 0, 0, 3, 0
3, 14, 4, 1, 0, 0, 0, 0, 2, 0, 0, 2, 9, 0
3, 14, 4, 1, 0, 0, 0, 0, 2, 0, 0, 2, 9, 0
3, 14, 4, 1, 0, 0, 0, 0, 2, 0, 0, 2, 9, 0
3, 14, 4, 1, 0, 0, 0, 0, 2, 0, 0, 2, 9, 0
3, 14, 4, 1, 0, 0, 0, 0, 2, 0, 0, 2, 9, 0
3, 6, 5, 1, 0, 0, 0, 0, 0, 2, 0, 0, 9, 0
1, 4, 5, 1, 1, 0, 1, 0, 0, 1, 0, 0, 10, 0
13, 204, 2, 1, 0, 0, 0, 0, 2, 0, 0, 1, 5, 0
1, 11, 4, 1, 0, 0, 1, 0, 1, 0, 0, 2, 9, 0
2, 54, 3, 1, 0, 0, 0, 0, 0, 1, 0, 0, 6, 0
2, 54, 3, 1, 0, 0, 0, 0, 0, 1, 0, 0, 6, 0
12, 264, 2, 1, 0, 0, 0, 0, 0, 1, 0, 1, 4, 0
12, 264, 2, 1, 0, 0, 0, 0, 0, 1, 0, 1, 4, 0
3, 12, 4, 1, 0, 0, 2, 0, 2, 2, 0, 0, 9, 0
2, 54, 3, 1, 0, 0, 0, 0, 0, 1, 0, 0, 6, 0
1, 1, 4, 1, 0, 0, 1, 0, 2, 1, 0, 0, 10, 0
3, 14, 4, 1, 0, 0, 0, 0, 2, 0, 0, 2, 9, 0
3, 14, 4, 1, 0, 0, 0, 0, 2, 0, 0, 2, 9, 0
3, 14, 4, 1, 0, 0, 0, 0, 2, 0, 0, 2, 9, 0
3, 14, 4, 1, 0, 0, 0, 0, 2, 0, 0, 2, 9, 0
3, 14, 4, 1, 0, 0, 0, 0, 2, 0, 0, 2, 9, 0
3, 14, 4, 1, 0, 0, 0, 0, 2, 0, 0, 2, 9, 0
3, 14, 4, 1, 0, 0, 0, 0, 2, 0, 0, 2, 9, 0
6, 126, 2, 1, 0, 0, 0, 0, 1, 0, 0, 2, 6, 0
3, 4, 4, 1, 1, 0, 0, 0, 1, 2, 0, 1, 9, 0
3, 4, 4, 1, 1, 0, 0, 0, 1, 2, 0, 1, 9, 0
3, 4, 4, 1, 1, 0, 0, 0, 1, 2, 0, 1, 9, 0
8, 74, 2, 2, 0, 0, 0, 0, 2, 0, 0, 1, 6, 0
10, 166, 2, 2, 0, 0, 0, 0, 1, 0, 0, 1, 5, 0
13, 138, 2, 2, 0, 0, 1, 0, 2, 0, 0, 1, 6, 0
10, 134, 2, 2, 0, 0, 0, 0, 1, 0, 0, 2, 5, 0
10, 134, 2, 2, 0, 0, 0, 0, 1, 0, 0, 2, 5, 0
17, 324, 2, 1, 0, 0, 2, 0, 1, 0, 0, 0, 5, 0
2, 2, 5, 2, 0, 0, 0, 0, 1, 0, 1, 2, 10, 0
9, 52, 3, 1, 0, 0, 0, 0, 1, 0, 0, 1, 6, 0
17, 252, 2, 1, 0, 0, 0, 0, 0, 0, 0, 0, 3, 0
8, 143, 3, 1, 1, 0, 0, 0, 0, 0, 0, 0, 5, 0
12, 264, 2, 1, 0, 0, 0, 0, 0, 1, 0, 1, 4, 0
9, 182, 3, 0, 0, 0, 0, 0, 0, 1, 0, 0, 5, 0
5, 65, 3, 1, 0, 0, 1, 0, 2, 1, 0, 0, 7, 0
6, 60, 3, 1, 0, 0, 1, 0, 3, 1, 0, 1, 8, 0
9, 98, 2, 1, 0, 0, 0, 0, 1, 1, 1, 1, 6, 0
9, 35, 4, 1, 0, 0, 1, 0, 2, 0, 0, 0, 9, 0
1, 38, 3, 2, 0, 0, 0, 0, 1, 0, 0, 0, 6, 0
9, 221, 2, 1, 0, 0, 0, 0, 1, 0, 0, 1, 4, 0
6, 93, 3, 1, 0, 0, 1, 0, 1, 0, 1, 1, 6, 0
6, 74, 3, 2, 0, 0, 1, 0, 1, 0, 1, 2, 7, 0
0, 1, 2, 0, 1, 0, 0, 1, 1, 1, 0, 0, 7, 0
1, 47, 1, 0, 0, 0, 0, 1, 0, 0, 0, 1, 4, 0
0, 8, 2, 1, 0, 0, 0, 1, 0, 0, 0, 0, 5, 0
22, 362, 2, 0, 0, 0, 1, 0, 1, 0, 1, 0, 5, 0
0, 0, 3, 0, 0, 0, 1, 0, 1, 2, 1, 0, 9, 0
0, 0, 3, 0, 0, 0, 1, 0, 1, 2, 1, 0, 9, 0
4, 21, 4, 0, 0, 0, 0, 0, 1, 1, 1, 0, 8, 8670000
27, 486, 3, 0, 0, 0, 0, 0, 1, 0, 0, 0, 4, 2010000000
8, 137, 3, 0, 1, 0, 1, 0, 1, 1, 0, 0, 6, 253000000
10, 99, 3, 0, 0, 0, 0, 0, 0, 1, 0, 0, 6, 4820000
28, 521, 2, 0, 0, 0, 0, 0, 1, 0, 1, 0, 4, 38900000
27, 529, 3, 0, 0, 0, 0, 0, 0, 0, 0, 1, 5, 3270000
18, 241, 3, 0, 0, 0, 0, 1, 0, 0, 0, 1, 5, 251000000
22, 288, 2, 1, 0, 0, 0, 0, 1, 1, 0, 1, 5, 2050000
26, 530, 2, 1, 0, 0, 1, 0, 1, 0, 0, 1, 4, 621000000
1, 12, 3, 1, 0, 0, 0, 0, 2, 0, 1, 1, 7, 5770000
4, 7, 4, 1, 0, 0, 1, 0, 0, 1, 0, 1, 8, 111000
3, 34, 4, 1, 1, 0, 0, 0, 1, 0, 0, 1, 7, 2020000
9, 212, 3, 1, 0, 0, 0, 0, 0, 1, 0, 1, 5, 143000000
5, 21, 3, 1, 0, 0, 0, 0, 1, 0, 0, 1, 6, 929000
8, 243, 2, 0, 0, 0, 0, 0, 2, 0, 1, 0, 5, 37500000
9, 92, 3, 0, 0, 0, 1, 0, 1, 2, 1, 0, 7, 4030000
4, 26, 3, 0, 0, 0, 0, 0, 0, 1, 1, 0, 7, 16500000
9, 56, 3, 0, 0, 0, 0, 0, 2, 0, 2, 0, 7, 10500000
21, 251, 3, 0, 0, 0, 0, 0, 2, 0, 1, 0, 7, 12200000
51, 818, 2, 0, 0, 0, 1, 0, 1, 0, 1, 0, 4, 700000000
9, 112, 3, 0, 0, 0, 1, 0, 1, 1, 1, 0, 7, 11200000
5, 38, 4, 0, 0, 0, 1, 0, 3, 0, 0, 1, 9, 3130000
13, 195, 3, 0, 0, 0, 2, 0, 3, 1, 0, 0, 8, 11100000
2, 32, 4, 0, 0, 0, 2, 0, 0, 1, 0, 0, 7, 75500000
9, 160, 3, 0, 0, 0, 2, 0, 1, 0, 1, 1, 7, 1060000
9, 46, 4, 0, 1, 0, 0, 0, 1, 0, 1, 0, 7, 50500000
31, 496, 2, 0, 0, 0, 0, 0, 0, 1, 1, 0, 4, 941000000
22, 406, 1, 0, 0, 0, 0, 0, 0, 1, 1, 0, 3, 1860000000
10, 170, 2, 0, 0, 0, 0, 0, 1, 1, 1, 0, 6, 238000000
7, 81, 3, 0, 0, 0, 1, 0, 1, 0, 1, 0, 7, 2500000
38, 698, 2, 0, 0, 0, 1, 0, 1, 0, 1, 0, 4, 143000000
39, 661, 2, 0, 0, 0, 0, 0, 0, 1, 1, 0, 4, 10600000
6, 23, 5, 0, 0, 0, 2, 0, 2, 1, 1, 2, 13, 439000
3, 22, 4, 0, 0, 0, 1, 0, 1, 1, 0, 1, 9, 158000000
5, 35, 3, 0, 0, 0, 1, 0, 2, 0, 1, 1, 8, 13000000
8, 106, 2, 0, 0, 0, 0, 0, 2, 0, 0, 1, 5, 70800000
2, 16, 6, 0, 0, 0, 1, 0, 1, 1, 1, 0, 10, 1410000
8, 112, 2, 0, 0, 0, 0, 0, 1, 1, 0, 0, 5, 7020000
34, 540, 1, 0, 0, 0, 1, 0, 1, 0, 0, 0, 2, 1800000000
20, 541, 2, 0, 0, 0, 1, 0, 1, 0, 0, 0, 3, 125000000
18, 318, 2, 0, 0, 0, 1, 0, 1, 0, 0, 0, 4, 913000000
20, 315, 2, 0, 0, 0, 2, 0, 2, 0, 0, 0, 5, 161000000
9, 52, 3, 1, 0, 0, 0, 0, 1, 0, 1, 1, 7, 36000000
9, 109, 3, 0, 0, 0, 1, 0, 1, 1, 0, 0, 6, 29800000
9, 277, 2, 0, 0, 0, 0, 0, 1, 0, 0, 0, 4, 31400000
10, 155, 2, 0, 0, 0, 1, 0, 2, 0, 0, 0, 6, 2440000
17, 371, 2, 0, 0, 0, 0, 0, 0, 0, 0, 0, 3, 229000000
26, 421, 2, 0, 1, 0, 0, 0, 0, 1, 0, 0, 4, 18200000
7, 120, 3, 0, 1, 0, 2, 0, 2, 0, 0, 0, 7, 184000000
13, 203, 3, 0, 0, 0, 1, 0, 1, 0, 0, 1, 5, 502000000
11, 50, 3, 0, 0, 0, 1, 0, 3, 0, 0, 0, 7, 3420000
11, 60, 3, 0, 0, 0, 0, 0, 1, 1, 0, 0, 7, 42500000
1, 19, 4, 0, 0, 0, 1, 0, 1, 2, 0, 0, 8, 1490000
11, 153, 2, 0, 1, 0, 1, 0, 1, 1, 0, 0, 6, 45600000
34, 584, 1, 0, 0, 0, 0, 0, 1, 0, 0, 0, 2, 3520000000
36, 640, 2, 0, 0, 0, 0, 0, 1, 0, 0, 1, 4, 147000000
12, 182, 2, 0, 0, 0, 0, 0, 1, 1, 0, 0, 5, 219000000
12, 120, 2, 1, 0, 0, 0, 0, 2, 0, 0, 0, 5, 15300000
18, 195, 2, 0, 0, 0, 0, 0, 2, 1, 0, 0, 5, 21600000
34, 551, 2, 0, 0, 0, 0, 0, 1, 1, 0, 0, 4, 146000000
35, 525, 2, 0, 1, 0, 0, 0, 0, 1, 0, 0, 4, 13800000
37, 628, 2, 0, 0, 0, 0, 0, 0, 2, 0, 0, 4, 162000000
46, 690, 2, 0, 0, 0, 0, 0, 0, 2, 0, 0, 4, 152000000
12, 117, 2, 0, 0, 1, 0, 0, 1, 1, 0, 0, 6, 1490000
20, 258, 3, 0, 0, 0, 1, 0, 1, 1, 0, 1, 6, 45800000
5, 60, 3, 0, 0, 0, 1, 0, 1, 2, 0, 0, 7, 115000000
2, 19, 4, 0, 0, 0, 1, 0, 2, 1, 0, 0, 8, 15800000
12, 78, 3, 0, 0, 0, 1, 0, 2, 1, 0, 0, 7, 8280000
1, 122, 2, 0, 1, 0, 0, 0, 1, 1, 0, 0, 5, 168000000
18, 266, 2, 0, 0, 0, 1, 0, 2, 1, 0, 0, 6, 10200000
11, 263, 2, 0, 0, 0, 0, 0, 0, 2, 0, 1, 5, 1370000
17, 253, 2, 0, 0, 0, 0, 0, 0, 2, 0, 0, 4, 71500000
17, 310, 2, 1, 0, 0, 0, 0, 1, 0, 0, 1, 4, 99000000
55, 898, 2, 0, 0, 0, 0, 0, 1, 0, 0, 0, 4, 22100000
11, 182, 3, 0, 0, 0, 0, 0, 1, 1, 0, 0, 6, 27800000
47, 716, 2, 0, 0, 0, 0, 0, 0, 0, 0, 0, 4, 126000000
17, 257, 2, 0, 0, 0, 0, 0, 1, 0, 0, 0, 5, 103000000
56, 991, 2, 0, 0, 0, 0, 0, 1, 0, 0, 0, 4, 1840000000
31, 515, 2, 0, 0, 0, 0, 0, 1, 0, 0, 0, 4, 219000000
1, 26, 4, 0, 0, 0, 1, 0, 0, 1, 0, 0, 8, 12900000
11, 251, 2, 0, 0, 0, 0, 0, 1, 0, 0, 0, 4, 48500000
2, 44, 3, 0, 0, 0, 1, 0, 2, 0, 0, 0, 7, 12000000
19, 386, 1, 0, 0, 0, 0, 0, 1, 0, 0, 0, 3, 1490000000
10, 63, 3, 0, 0, 0, 0, 0, 3, 0, 0, 0, 8, 25200000
15, 82, 2, 0, 0, 0, 0, 0, 2, 1, 0, 0, 6, 182000000
2, 9, 3, 1, 0, 0, 1, 0, 3, 1, 0, 1, 9, 188000000
7, 93, 2, 0, 0, 0, 0, 0, 1, 1, 0, 0, 6, 91100000
12, 180, 2, 0, 0, 0, 0, 0, 1, 0, 0, 0, 5, 3490000
5, 48, 3, 0, 0, 0, 1, 0, 3, 1, 0, 0, 9, 823000
13, 125, 3, 0, 0, 0, 0, 0, 0, 0, 1, 0, 5, 2210000
46, 828, 2, 0, 0, 0, 0, 0, 1, 1, 0, 0, 4, 26100000
5, 40, 4, 0, 0, 0, 2, 0, 3, 0, 0, 1, 10, 1030000
14, 42, 5, 0, 0, 0, 1, 0, 2, 1, 0, 0, 10, 68700000
1, 23, 4, 0, 0, 0, 1, 0, 2, 1, 0, 1, 9, 8350000
26, 513, 2, 0, 0, 0, 0, 0, 1, 0, 1, 0, 4, 205000000
33, 602, 2, 0, 0, 0, 0, 0, 1, 0, 0, 0, 4, 101000000
35, 567, 2, 0, 0, 0, 1, 0, 1, 0, 1, 0, 4, 22700000
20, 248, 3, 0, 0, 0, 1, 0, 2, 0, 0, 0, 5, 16800000
10, 135, 2, 0, 0, 0, 1, 0, 2, 0, 0, 1, 5, 181000000
24, 359, 1, 0, 0, 0, 1, 0, 2, 0, 0, 0, 3, 216000000
10, 45, 5, 0, 0, 0, 2, 0, 3, 1, 0, 0, 10, 13800000
3, 6, 4, 1, 0, 0, 1, 0, 2, 2, 0, 1, 9, 7730000
3, 12, 4, 0, 0, 0, 0, 0, 1, 1, 0, 0, 8, 96100000
14, 278, 1, 0, 0, 0, 1, 0, 0, 0, 0, 0, 3, 20500000
3, 35, 3, 0, 0, 0, 1, 0, 1, 1, 0, 0, 7, 40800000
28, 388, 2, 0, 0, 0, 0, 0, 0, 0, 0, 0, 4, 427000000
33, 550, 2, 0, 0, 0, 0, 0, 0, 0, 0, 1, 4, 246000000
30, 469, 2, 0, 0, 0, 0, 0, 0, 0, 0, 1, 4, 602000000
45, 612, 2, 0, 0, 0, 0, 0, 1, 0, 0, 0, 4, 45700000
4, 21, 4, 0, 0, 0, 1, 0, 1, 0, 0, 2, 9, 9740000
15, 369, 1, 0, 0, 0, 0, 0, 0, 1, 0, 0, 2, 2400000000
8, 199, 1, 1, 0, 0, 1, 0, 0, 0, 0, 0, 3, 92500000
